,Clip,Completeness,Dist_Thresh,FM,FPF,FPS,IOU_Thresh,ML,MT,N_frames,N_match,N_objects,PT,Precision,Recall,Res,SODP,SOTA,SOTP,Tracker,fn_count,fp_count,fp_thresh_count,tn_count,tp_count
0,Ski01,0.58,0.1,0.0,0.0,11.22,0.4,0,0,1353.0,1352,1352,1,1.0,1.0,1280,0.424,1.0,0.0089,mil,0,0,0,0,1352
1,Ski01,1.0,0.1,0.88,0.0,31.99,0.4,0,1,1353.0,165,1352,0,1.0,0.122,1280,0.6996,0.122,0.0039,kcf,1187,0,0,0,165
2,Ski01,0.0,0.1,0.9,0.9032,9.05,0.4,1,0,1353.0,1352,1352,0,0.0962,0.0962,1280,0.0,0.0962,0.37799999999999995,tld,0,0,1222,0,130
3,Ski01,0.74,0.1,0.1,0.099,28.44,0.4,0,0,1353.0,1352,1352,1,0.9009,0.9009,1280,0.4732,0.9009,0.0234,medianflow,0,0,134,0,1218
4,Ski01,0.13,0.1,0.82,0.8226,6.24,0.4,1,0,1353.0,1352,1352,0,0.1768,0.1768,1280,0.0883,0.1768,1.9771,goturn,0,0,1113,0,239
5,Ski01,0.97,0.1,0.92,0.0,33.11,0.4,0,1,1353.0,113,1352,0,1.0,0.0836,1280,0.6234,0.0836,0.0039,mosse,1239,0,0,0,113
6,Ski01,0.88,0.1,0.0,0.0,15.58,0.4,0,1,1353.0,1352,1352,0,1.0,1.0,1280,0.5538,1.0,0.0044,csrt,0,0,0,0,1352
7,Slalom01,0.2,0.1,0.59,0.58,14.44,0.4,0,0,100.0,99,99,1,0.4141,0.4141,1280,0.1435,0.4141,0.1359,mil,0,0,58,0,41
8,Slalom01,1.0,0.1,0.93,0.0,65.42,0.4,0,1,100.0,7,99,0,1.0,0.0707,1280,0.8193,0.0707,0.0017,kcf,92,0,0,0,7
9,Slalom01,0.16,0.1,0.53,0.5,8.43,0.4,1,0,100.0,97,99,0,0.4845,0.4747,1280,0.1016,0.4747,0.1132,tld,2,0,50,0,47
10,Slalom01,0.94,0.1,0.83,0.0,56.25,0.4,0,1,100.0,17,99,0,1.0,0.1717,1280,0.6451,0.1717,0.003,medianflow,82,0,0,0,17
11,Slalom01,0.03,0.1,0.64,0.63,11.57,0.4,1,0,100.0,99,99,0,0.3636,0.3636,1280,0.0313,0.3636,0.1362,goturn,0,0,63,0,36
12,Slalom01,1.0,0.1,0.99,0.0,69.86,0.4,0,1,100.0,1,99,0,1.0,0.0101,1280,0.867,0.0101,0.0004,mosse,98,0,0,0,1
13,Slalom01,0.21,0.1,0.58,0.57,24.17,0.4,0,0,100.0,99,99,1,0.4242,0.4242,1280,0.1587,0.4242,0.1383,csrt,0,0,57,0,42
14,Bike09,0.34,0.1,0.58,0.6728,18.86,0.4,0,0,437.0,339,339,1,0.3257,0.4189,720,0.20600000000000002,0.4189,0.3261,mil,0,97,197,0,142
15,Bike09,1.0,0.1,0.98,0.0,78.69,0.4,0,1,437.0,7,339,0,1.0,0.0206,720,0.6264,0.0206,0.0137,kcf,332,0,0,97,7
16,Bike09,0.09,0.1,0.8,0.8421,23.41,0.4,1,0,437.0,339,339,0,0.156,0.2006,720,0.0647,0.2006,0.3158,tld,0,97,271,0,68
17,Bike09,0.76,0.1,0.6,0.1487,87.49,0.4,0,0,437.0,180,339,1,0.6782,0.4041,720,0.4735,0.4041,0.1023,medianflow,159,22,43,75,137
18,Bike09,0.66,0.1,0.23,0.4005,15.22,0.4,0,0,437.0,339,339,1,0.5986,0.7699,720,0.4422,0.7699,0.0855,goturn,0,97,78,0,261
19,Bike09,0.98,0.1,0.68,0.0,70.65,0.4,0,1,437.0,108,339,0,1.0,0.3186,720,0.595,0.3186,0.0129,mosse,231,0,0,97,108
20,Bike09,0.97,0.1,0.58,0.0343,41.36,0.4,0,1,437.0,143,339,0,0.9051,0.4218,720,0.6889,0.4218,0.0154,csrt,196,15,0,82,143
21,Bike08,0.34,0.1,0.0,0.0036,17.59,0.4,0,0,559.0,556,556,1,0.9964,1.0,720,0.3709,1.0,0.0316,mil,0,2,0,0,556
22,Bike08,0.99,0.1,0.72,0.0,87.8,0.4,0,1,559.0,154,556,0,1.0,0.27699999999999997,720,0.6385,0.27699999999999997,0.0107,kcf,402,0,0,2,154
23,Bike08,0.76,0.1,0.02,0.0233,21.86,0.4,0,0,559.0,556,556,1,0.9767,0.9802,720,0.4803,0.9802,0.0299,tld,0,2,11,0,545
24,Bike08,0.09,0.1,0.81,0.8086,86.74,0.4,1,0,559.0,555,556,0,0.1885,0.1888,720,0.0811,0.1888,0.3071,medianflow,1,2,450,0,105
25,Bike08,0.0,0.1,0.99,0.9893,16.89,0.4,1,0,559.0,556,556,0,0.009000000000000001,0.009000000000000001,720,0.0035,0.009000000000000001,0.5138,goturn,0,2,551,0,5
26,Bike08,0.72,0.1,0.59,0.0,106.2,0.4,0,0,559.0,228,556,1,1.0,0.4101,720,0.4918,0.4101,0.0167,mosse,328,0,0,2,228
27,Bike08,0.47,0.1,0.0,0.0036,30.49,0.4,0,0,559.0,556,556,1,0.9964,1.0,720,0.4626,1.0,0.0142,csrt,0,2,0,0,556
28,Bike05,0.58,0.1,0.0,0.0,13.91,0.4,0,0,158.0,157,157,1,1.0,1.0,1280,0.4728,1.0,0.0224,mil,0,0,0,0,157
29,Bike05,0.84,0.1,0.34,0.0,41.01,0.4,0,1,158.0,103,157,0,1.0,0.6561,1280,0.5814,0.6561,0.0064,kcf,54,0,0,0,103
30,Bike05,0.8,0.1,0.11,0.1139,12.88,0.4,0,0,158.0,157,157,1,0.8854,0.8854,1280,0.4963,0.8854,0.0631,tld,0,0,18,0,139
31,Bike05,0.66,0.1,0.3,0.2405,47.86,0.4,0,0,158.0,148,157,1,0.7432,0.7006,1280,0.4912,0.7006,0.0911,medianflow,9,0,38,0,110
32,Bike05,0.17,0.1,0.45,0.4494,3.13,0.4,1,0,158.0,157,157,0,0.5478,0.5478,1280,0.1787,0.5478,0.7346,goturn,0,0,71,0,86
33,Bike05,0.55,0.1,0.0,0.0,55.52,0.4,0,0,158.0,157,157,1,1.0,1.0,1280,0.4801,1.0,0.0089,mosse,0,0,0,0,157
34,Bike05,1.0,0.1,0.0,0.0,16.95,0.4,0,1,158.0,157,157,0,1.0,1.0,1280,0.7078,1.0,0.0054,csrt,0,0,0,0,157
35,Bike04,0.98,0.1,0.0,0.0,13.84,0.4,0,1,95.0,94,94,0,1.0,1.0,1280,0.6063,1.0,0.0045,mil,0,0,0,0,94
36,Bike04,1.0,0.1,0.9,0.0,48.65,0.4,0,1,95.0,9,94,0,1.0,0.0957,1280,0.7904,0.0957,0.0023,kcf,85,0,0,0,9
37,Bike04,0.23,0.1,0.51,0.5053,7.79,0.4,0,0,95.0,94,94,1,0.4894,0.4894,1280,0.1702,0.4894,0.1484,tld,0,0,48,0,46
38,Bike04,0.12,0.1,0.72,0.7158,46.2,0.4,1,0,95.0,94,94,0,0.2766,0.2766,1280,0.0875,0.2766,0.2298,medianflow,0,0,68,0,26
39,Bike04,0.02,0.1,0.15,0.1474,11.32,0.4,1,0,95.0,94,94,0,0.8511,0.8511,1280,0.0653,0.8511,0.0524,goturn,0,0,14,0,80
40,Bike04,1.0,0.1,0.64,0.0,57.65,0.4,0,1,95.0,34,94,0,1.0,0.3617,1280,0.6436,0.3617,0.0024,mosse,60,0,0,0,34
41,Bike04,1.0,0.1,0.0,0.0,19.04,0.4,0,1,95.0,94,94,0,1.0,1.0,1280,0.7345,1.0,0.0025,csrt,0,0,0,0,94
42,Bike03,0.87,0.1,0.03,0.2333,14.18,0.4,0,1,90.0,70,70,0,0.764,0.9714,1504,0.496,0.9714,0.047,mil,0,19,2,0,68
43,Bike03,1.0,0.1,0.84,0.0,58.16,0.4,0,1,90.0,11,70,0,1.0,0.1571,1504,0.8186,0.1571,0.01,kcf,59,0,0,19,11
44,Bike03,0.14,0.1,0.86,0.8778,7.09,0.4,1,0,90.0,70,70,0,0.1124,0.1429,1504,0.0867,0.1429,0.4563,tld,0,19,60,0,10
45,Bike03,0.89,0.1,0.06,0.2556,52.55,0.4,0,1,90.0,70,70,0,0.7416,0.9429,1504,0.5671,0.9429,0.0331,medianflow,0,19,4,0,66
46,Bike03,0.11,0.1,0.77,0.8111,11.66,0.4,1,0,90.0,70,70,0,0.1798,0.2286,1504,0.09699999999999999,0.2286,0.3348,goturn,0,19,54,0,16
47,Bike03,1.0,0.1,0.99,0.0,64.6,0.4,0,1,90.0,1,70,0,1.0,0.0143,1504,0.9356,0.0143,0.0009,mosse,69,0,0,19,1
48,Bike03,1.0,0.1,0.0,0.2111,18.7,0.4,0,1,90.0,70,70,0,0.7865,1.0,1504,0.5769,1.0,0.03,csrt,0,19,0,0,70
49,Slalom01,0.16,0.1,0.77,0.76,14.57,0.4,1,0,100.0,99,99,0,0.2323,0.2323,1504,0.114,0.2323,0.2104,mil,0,0,76,0,23
50,Slalom01,1.0,0.1,0.93,0.0,67.64,0.4,0,1,100.0,7,99,0,1.0,0.0707,1504,0.8125,0.0707,0.0016,kcf,92,0,0,0,7
51,Slalom01,0.1,0.1,0.68,0.67,7.29,0.4,1,0,100.0,99,99,0,0.3232,0.3232,1504,0.0656,0.3232,0.1463,tld,0,0,67,0,32
52,Slalom01,0.94,0.1,0.83,0.0,57.47,0.4,0,1,100.0,17,99,0,1.0,0.1717,1504,0.6509,0.1717,0.0033,medianflow,82,0,0,0,17
53,Slalom01,0.03,0.1,0.62,0.61,12.07,0.4,1,0,100.0,99,99,0,0.3838,0.3838,1504,0.0324,0.3838,0.1356,goturn,0,0,61,0,38
54,Slalom01,1.0,0.1,0.98,0.0,75.27,0.4,0,1,100.0,2,99,0,1.0,0.0202,1504,0.8356,0.0202,0.0015,mosse,97,0,0,0,2
55,Slalom01,0.21,0.1,0.58,0.57,22.88,0.4,0,0,100.0,99,99,1,0.4242,0.4242,1504,0.1601,0.4242,0.139,csrt,0,0,57,0,42
56,Ski03,0.12,0.1,0.74,0.7388,13.77,0.4,1,0,1114.0,1113,1113,0,0.2606,0.2606,1920,0.1225,0.2606,0.29100000000000004,mil,0,0,823,0,290
57,Ski03,0.16,0.1,0.39,0.1149,20.77,0.4,1,0,1114.0,812,1113,0,0.8424,0.6146,1920,0.1989,0.6146,0.086,kcf,301,0,128,0,684
58,Ski03,0.35,0.1,0.6,0.5961,7.3,0.4,0,0,1114.0,1113,1113,1,0.4034,0.4034,1920,0.2172,0.4034,0.2064,tld,0,0,664,0,449
59,Ski03,0.53,0.1,0.54,0.1023,37.98,0.4,0,0,1114.0,629,1113,1,0.8188,0.4627,1920,0.4018,0.4627,0.079,medianflow,484,0,114,0,515
60,Ski03,0.1,0.1,0.01,0.0072,38.37,0.4,1,0,1114.0,1113,1113,0,0.9928,0.9928,1920,0.1212,0.9928,0.0695,mosse,0,0,8,0,1105
61,Ski03,0.33,0.1,0.0,0.0,15.61,0.4,0,0,1114.0,1113,1113,1,1.0,1.0,1920,0.396,1.0,0.013000000000000001,csrt,0,0,0,0,1113
62,Ski03,0.83,0.1,0.0,0.0,13.8,0.4,0,1,1114.0,1113,1113,0,1.0,1.0,1920,0.5091,1.0,0.0073,goturn,0,0,0,0,1113
63,Ski04,0.77,0.1,0.0,0.0,17.83,0.4,0,0,254.0,253,253,1,1.0,1.0,720,0.5183,1.0,0.0098,mil,0,0,0,0,253
64,Ski04,0.55,0.1,0.75,0.0,96.49,0.4,0,0,254.0,64,253,1,1.0,0.253,720,0.4766,0.253,0.0109,kcf,189,0,0,0,64
65,Ski04,0.89,0.1,0.0,0.0,27.7,0.4,0,1,254.0,253,253,0,1.0,1.0,720,0.5737,1.0,0.0097,tld,0,0,0,0,253
66,Ski04,0.84,0.1,0.0,0.0,94.16,0.4,0,1,254.0,253,253,0,1.0,1.0,720,0.5723,1.0,0.0129,medianflow,0,0,0,0,253
67,Ski04,0.23,0.1,0.0,0.0,16.04,0.4,0,0,254.0,253,253,1,1.0,1.0,720,0.3086,1.0,0.025,goturn,0,0,0,0,253
68,Ski04,1.0,0.1,1.0,0.0,111.81,0.4,0,1,254.0,1,253,0,1.0,0.004,720,0.9578,0.004,0.0009,mosse,252,0,0,0,1
69,Ski04,0.53,0.1,0.0,0.0,29.93,0.4,0,0,254.0,253,253,1,1.0,1.0,720,0.4571,1.0,0.0116,csrt,0,0,0,0,253
70,Bike02,1.0,0.1,0.0,0.0,14.85,0.4,0,1,99.0,98,98,0,1.0,1.0,1280,0.8021,1.0,0.0032,mil,0,0,0,0,98
71,Bike02,1.0,0.1,0.0,0.0,44.79,0.4,0,1,99.0,98,98,0,1.0,1.0,1280,0.8092,1.0,0.0024,kcf,0,0,0,0,98
72,Bike02,0.88,0.1,0.0,0.0,11.77,0.4,0,1,99.0,98,98,0,1.0,1.0,1280,0.5539,1.0,0.0171,tld,0,0,0,0,98
73,Bike02,1.0,0.1,0.0,0.0,45.92,0.4,0,1,99.0,98,98,0,1.0,1.0,1280,0.8059,1.0,0.0021,medianflow,0,0,0,0,98
74,Bike02,0.04,0.1,0.0,0.0,11.58,0.4,1,0,99.0,98,98,0,1.0,1.0,1280,0.062,1.0,0.04,goturn,0,0,0,0,98
75,Bike02,1.0,0.1,0.0,0.0,55.41,0.4,0,1,99.0,98,98,0,1.0,1.0,1280,0.8005,1.0,0.0032,mosse,0,0,0,0,98
76,Bike02,1.0,0.1,0.0,0.0,21.12,0.4,0,1,99.0,98,98,0,1.0,1.0,1280,0.7477,1.0,0.0024,csrt,0,0,0,0,98
77,Bike03,0.2,0.1,0.74,0.7889,15.52,0.4,1,0,90.0,70,70,0,0.2022,0.2571,1280,0.1548,0.2571,0.319,mil,0,19,52,0,18
78,Bike03,1.0,0.1,0.84,0.0,55.97,0.4,0,1,90.0,11,70,0,1.0,0.1571,1280,0.8175,0.1571,0.0098,kcf,59,0,0,19,11
79,Bike03,0.17,0.1,0.79,0.8222,9.3,0.4,1,0,90.0,70,70,0,0.1685,0.2143,1280,0.1065,0.2143,0.4081,tld,0,19,55,0,15
80,Bike03,0.81,0.1,0.11,0.3,52.02,0.4,0,1,90.0,70,70,0,0.6966,0.8857,1280,0.49,0.8857,0.0433,medianflow,0,19,8,0,62
81,Bike03,0.1,0.1,0.77,0.8111,12.37,0.4,1,0,90.0,70,70,0,0.1798,0.2286,1280,0.0982,0.2286,0.3348,goturn,0,19,54,0,16
82,Bike03,1.0,0.1,0.97,0.0,64.54,0.4,0,1,90.0,2,70,0,1.0,0.0286,1280,0.8818,0.0286,0.0013,mosse,68,0,0,19,2
83,Bike03,0.54,0.1,0.0,0.2111,20.44,0.4,0,0,90.0,70,70,1,0.7865,1.0,1280,0.4595,1.0,0.0381,csrt,0,19,0,0,70
84,Bike09,0.36,0.1,0.19,0.3684,10.59,0.4,0,0,437.0,339,339,1,0.6307,0.8112,1920,0.309,0.8112,0.0724,mil,0,97,64,0,275
85,Bike09,0.65,0.1,0.7,0.0,22.24,0.4,0,0,437.0,101,339,1,1.0,0.2979,1920,0.5021,0.2979,0.0164,kcf,238,0,0,97,101
86,Bike09,0.04,0.1,0.85,0.8833,4.15,0.4,1,0,437.0,339,339,0,0.1147,0.1475,1920,0.0317,0.1475,0.3919,tld,0,97,289,0,50
87,Bike09,0.22,0.1,0.8,0.6773,27.8,0.4,0,0,437.0,292,339,1,0.1846,0.1976,1920,0.1425,0.1976,0.3512,medianflow,47,71,225,26,67
88,Bike09,0.6,0.1,0.31,0.4622,9.99,0.4,0,0,437.0,339,339,1,0.5367,0.6903,1920,0.4073,0.6903,0.1144,goturn,0,97,105,0,234
89,Bike09,0.41,0.1,0.41,0.3341,31.84,0.4,0,0,437.0,296,339,1,0.578,0.59,1920,0.3017,0.59,0.2091,mosse,43,50,96,47,200
90,Bike09,0.95,0.1,0.58,0.0252,16.67,0.4,0,1,437.0,143,339,0,0.9286,0.4218,1920,0.6471,0.4218,0.0177,csrt,196,11,0,86,143
91,Bike08,0.33,0.1,0.0,0.0036,15.07,0.4,0,0,559.0,556,556,1,0.9964,1.0,1280,0.37,1.0,0.0274,mil,0,2,0,0,556
92,Bike08,0.98,0.1,0.71,0.0,39.2,0.4,0,1,559.0,162,556,0,1.0,0.2914,1280,0.6444,0.2914,0.0112,kcf,394,0,0,2,162
93,Bike08,0.86,0.1,0.02,0.025,13.23,0.4,0,1,559.0,556,556,0,0.9749,0.9784,1280,0.5377,0.9784,0.0399,tld,0,2,12,0,544
94,Bike08,0.12,0.1,0.78,0.7782,49.49,0.4,1,0,559.0,556,556,0,0.2204,0.2212,1280,0.106,0.2212,0.2972,medianflow,0,2,433,0,123
95,Bike08,0.0,0.1,0.99,0.9857,14.16,0.4,1,0,559.0,556,556,0,0.0125,0.0126,1280,0.0042,0.0126,0.5142,goturn,0,2,549,0,7
96,Bike08,0.44,0.1,0.0,0.0036,56.17,0.4,0,0,559.0,556,556,1,0.9964,1.0,1280,0.4193,1.0,0.0142,mosse,0,2,0,0,556
97,Bike08,0.95,0.1,0.0,0.0036,19.31,0.4,0,1,559.0,556,556,0,0.9964,1.0,1280,0.6299,1.0,0.0132,csrt,0,2,0,0,556
98,Bike09,0.32,0.1,0.59,0.6819,14.21,0.4,0,0,437.0,339,339,1,0.3165,0.4071,1280,0.1922,0.4071,0.2968,mil,0,97,201,0,138
99,Bike09,1.0,0.1,0.97,0.0,42.61,0.4,0,1,437.0,11,339,0,1.0,0.0324,1280,0.6421,0.0324,0.0114,kcf,328,0,0,97,11
100,Bike09,0.07,0.1,0.82,0.8604,9.72,0.4,1,0,437.0,339,339,0,0.1376,0.177,1280,0.0552,0.177,0.3888,tld,0,97,279,0,60
101,Bike09,0.18,0.1,0.81,0.8146,44.84,0.4,1,0,437.0,331,339,0,0.1504,0.1858,1280,0.1104,0.1858,0.3959,medianflow,8,88,268,9,63
102,Bike09,0.61,0.1,0.33,0.47600000000000003,12.58,0.4,0,0,437.0,339,339,1,0.5229,0.6726,1280,0.4082,0.6726,0.114,goturn,0,97,111,0,228
103,Bike09,0.91,0.1,0.6,0.0,55.27,0.4,0,1,437.0,134,339,0,1.0,0.3953,1280,0.5579999999999999,0.3953,0.0117,mosse,205,0,0,97,134
104,Bike09,0.94,0.1,0.58,0.0252,27.33,0.4,0,1,437.0,143,339,0,0.9286,0.4218,1280,0.6363,0.4218,0.0171,csrt,196,11,0,86,143
105,Ski04,0.78,0.1,0.0,0.0,13.15,0.4,0,0,254.0,253,253,1,1.0,1.0,1920,0.4986,1.0,0.0112,mil,0,0,0,0,253
106,Ski04,0.7,0.1,0.0,0.0,43.65,0.4,0,0,254.0,253,253,1,1.0,1.0,1920,0.5263,1.0,0.0114,kcf,0,0,0,0,253
107,Ski04,0.43,0.1,0.13,0.1339,7.57,0.4,0,0,254.0,253,253,1,0.8656,0.8656,1920,0.3666,0.8656,0.0894,tld,0,0,34,0,219
108,Ski04,0.78,0.1,0.0,0.0,34.72,0.4,0,0,254.0,253,253,1,1.0,1.0,1920,0.552,1.0,0.0114,medianflow,0,0,0,0,253
109,Ski04,0.23,0.1,0.0,0.0,9.39,0.4,0,0,254.0,253,253,1,1.0,1.0,1920,0.2912,1.0,0.0281,goturn,0,0,0,0,253
110,Ski04,0.67,0.1,0.0,0.0,46.61,0.4,0,0,254.0,253,253,1,1.0,1.0,1920,0.505,1.0,0.0149,mosse,0,0,0,0,253
111,Ski04,0.78,0.1,0.0,0.0,16.22,0.4,0,0,254.0,253,253,1,1.0,1.0,1920,0.551,1.0,0.0116,csrt,0,0,0,0,253
112,Bike03,0.86,0.1,0.06,0.2556,17.79,0.4,0,1,90.0,70,70,0,0.7416,0.9429,720,0.5062,0.9429,0.0454,mil,0,19,4,0,66
113,Bike03,1.0,0.1,0.94,0.0,85.55,0.4,0,1,90.0,4,70,0,1.0,0.0571,720,0.9315,0.0571,0.0021,kcf,66,0,0,19,4
114,Bike03,0.14,0.1,0.84,0.8667,20.94,0.4,1,0,90.0,70,70,0,0.1236,0.1571,720,0.0923,0.1571,0.3572,tld,0,19,59,0,11
115,Bike03,0.01,0.1,0.93,0.9,86.37,0.4,1,0,90.0,69,70,0,0.0581,0.0714,720,0.0305,0.0714,0.4188,medianflow,1,17,64,2,5
116,Bike03,0.13,0.1,0.77,0.8111,13.73,0.4,1,0,90.0,70,70,0,0.1798,0.2286,720,0.1048,0.2286,0.3351,goturn,0,19,54,0,16
117,Bike03,1.0,0.1,0.99,0.0,106.64,0.4,0,1,90.0,1,70,0,1.0,0.0143,720,0.9448,0.0143,0.0024,mosse,69,0,0,19,1
118,Bike03,0.94,0.1,0.0,0.2111,21.52,0.4,0,1,90.0,70,70,0,0.7865,1.0,720,0.6008,1.0,0.0297,csrt,0,19,0,0,70
119,Car01,1.0,0.1,0.0,0.0,19.0,0.4,0,1,157.0,156,156,0,1.0,1.0,640,0.7189,1.0,0.0138,mil,0,0,0,0,156
120,Car01,1.0,0.1,0.0,0.0,77.44,0.4,0,1,157.0,156,156,0,1.0,1.0,640,0.7515,1.0,0.0078,kcf,0,0,0,0,156
121,Car01,0.66,0.1,0.0,0.0,30.82,0.4,0,0,157.0,156,156,1,1.0,1.0,640,0.5068,1.0,0.0304,tld,0,0,0,0,156
122,Car01,1.0,0.1,0.0,0.0,103.76,0.4,0,1,157.0,156,156,0,1.0,1.0,640,0.7976,1.0,0.0117,medianflow,0,0,0,0,156
123,Car01,1.0,0.1,0.0,0.0,123.96,0.4,0,1,157.0,156,156,0,1.0,1.0,640,0.7471,1.0,0.0116,mosse,0,0,0,0,156
124,Car01,1.0,0.1,0.0,0.0,25.32,0.4,0,1,157.0,156,156,0,1.0,1.0,640,0.8777,1.0,0.0037,csrt,0,0,0,0,156
125,Bike04,1.0,0.1,0.0,0.0,13.42,0.4,0,1,95.0,94,94,0,1.0,1.0,1504,0.5847,1.0,0.006,mil,0,0,0,0,94
126,Bike04,1.0,0.1,0.89,0.0,51.14,0.4,0,1,95.0,10,94,0,1.0,0.1064,1504,0.7959999999999999,0.1064,0.0018,kcf,84,0,0,0,10
127,Bike04,0.29,0.1,0.61,0.6,6.41,0.4,0,0,95.0,94,94,1,0.3936,0.3936,1504,0.1921,0.3936,0.2252,tld,0,0,57,0,37
128,Bike04,0.12,0.1,0.71,0.7053,41.59,0.4,1,0,95.0,94,94,0,0.2872,0.2872,1504,0.0913,0.2872,0.2269,medianflow,0,0,67,0,27
129,Bike04,0.01,0.1,0.17,0.1684,10.33,0.4,1,0,95.0,94,94,0,0.8298,0.8298,1504,0.0603,0.8298,0.0649,goturn,0,0,16,0,78
130,Bike04,0.99,0.1,0.0,0.0,52.26,0.4,0,1,95.0,94,94,0,1.0,1.0,1504,0.6138,1.0,0.003,mosse,0,0,0,0,94
131,Bike04,1.0,0.1,0.0,0.0,22.45,0.4,0,1,95.0,94,94,0,1.0,1.0,1504,0.7184,1.0,0.0028,csrt,0,0,0,0,94
132,Surf01,0.31,0.1,0.1,0.2167,18.3,0.4,0,0,803.0,697,697,1,0.7829999999999999,0.9009999999999999,720,0.3063,0.9009999999999999,0.0506,mil,0,105,69,0,628
133,Surf01,1.0,0.1,1.0,0.0,118.62,0.4,0,1,803.0,1,697,0,1.0,0.0014,720,0.9636,0.0014,0.0009,kcf,696,0,0,105,1
134,Surf01,0.46,0.1,0.15,0.2565,29.56,0.4,0,0,803.0,697,697,1,0.7419,0.8494,720,0.3312,0.8494,0.0546,tld,0,101,105,4,592
135,Surf01,0.03,0.1,0.92,0.9166,111.92,0.4,1,0,803.0,685,697,0,0.0684,0.0775,720,0.0222,0.0775,0.2722,medianflow,12,105,631,0,54
136,Surf01,0.15,0.1,0.22,0.3238,18.08,0.4,1,0,803.0,697,697,0,0.6758,0.7776,720,0.1471,0.7776,0.0684,goturn,0,105,155,0,542
137,Surf01,1.0,0.1,0.99,0.0,131.08,0.4,0,1,803.0,4,697,0,1.0,0.0057,720,0.8017,0.0057,0.0041,mosse,693,0,0,105,4
138,Surf01,0.61,0.1,0.77,0.0697,66.27,0.4,0,0,803.0,163,697,1,0.7443,0.2339,720,0.4279,0.2339,0.0282,csrt,534,56,0,49,163
139,Slalom01,0.14,0.1,0.64,0.63,16.83,0.4,1,0,100.0,99,99,0,0.3636,0.3636,720,0.0956,0.3636,0.1396,mil,0,0,63,0,36
140,Slalom01,1.0,0.1,0.99,0.0,103.69,0.4,0,1,100.0,1,99,0,1.0,0.0101,720,0.9588,0.0101,0.0006,kcf,98,0,0,0,1
141,Slalom01,0.0,0.1,1.0,0.99,13.34,0.4,1,0,100.0,99,99,0,0.0,0.0,720,0.0,0.0,0.2921,tld,0,0,99,0,0
142,Slalom01,0.0,0.1,0.85,0.83,92.29,0.4,1,0,100.0,98,99,0,0.1531,0.1515,720,0.0059,0.1515,0.35600000000000004,medianflow,1,0,83,0,15
143,Slalom01,0.02,0.1,0.73,0.72,13.99,0.4,1,0,100.0,99,99,0,0.2727,0.2727,720,0.0281,0.2727,0.1482,goturn,0,0,72,0,27
144,Slalom01,0.0,0.1,1.0,0.0,106.91,0.4,1,0,100.0,0,99,0,0.0,0.0,720,0.0,0.0,,mosse,99,0,0,0,0
145,Slalom01,0.74,0.1,0.12,0.0,26.93,0.4,0,0,100.0,87,99,1,1.0,0.8788,720,0.5344,0.8788,0.0085,csrt,12,0,0,0,87
146,Human01,0.63,0.1,0.02,0.2125,13.0,0.4,0,0,80.0,63,63,1,0.7848,0.9841,1504,0.4719,0.9841,0.0162,mil,0,16,1,0,62
147,Human01,1.0,0.1,0.94,0.0,49.29,0.4,0,1,80.0,4,63,0,1.0,0.0635,1504,0.8381,0.0635,0.0014,kcf,59,0,0,16,4
148,Human01,0.05,0.1,0.95,0.95,5.81,0.4,1,0,80.0,63,63,0,0.038,0.0476,1504,0.0317,0.0476,0.4493,tld,0,16,60,0,3
149,Human01,0.14,0.1,0.57,0.65,43.89,0.4,1,0,80.0,63,63,0,0.3418,0.4286,1504,0.1088,0.4286,0.1968,medianflow,0,16,36,0,27
150,Human01,0.06,0.1,0.33,0.4625,11.73,0.4,1,0,80.0,63,63,0,0.5316,0.6667,1504,0.1752,0.6667,0.1114,goturn,0,16,21,0,42
151,Human01,1.0,0.1,0.89,0.0,55.63,0.4,0,1,80.0,7,63,0,1.0,0.1111,1504,0.8190000000000001,0.1111,0.0026,mosse,56,0,0,16,7
152,Human01,0.95,0.1,0.0,0.2,18.56,0.4,0,1,80.0,63,63,0,0.7975,1.0,1504,0.6095,1.0,0.0054,csrt,0,16,0,0,63
153,Ski01,0.13,0.1,0.86,0.861,5.63,0.4,1,0,1353.0,1352,1352,0,0.1383,0.1383,3840,0.0858,0.1383,0.4619,mil,0,0,1165,0,187
154,Ski01,1.0,0.1,0.88,0.0,11.67,0.4,0,1,1353.0,166,1352,0,1.0,0.1228,3840,0.6942,0.1228,0.003,kcf,1186,0,0,0,166
155,Ski01,0.1,0.1,0.8,0.7945,1.94,0.4,1,0,1353.0,1352,1352,0,0.2049,0.2049,3840,0.075,0.2049,0.3218,tld,0,0,1075,0,277
156,Ski01,0.8,0.1,0.04,0.0414,8.15,0.4,0,0,1353.0,1352,1352,1,0.9586,0.9586,3840,0.4897,0.9586,0.013000000000000001,medianflow,0,0,56,0,1296
157,Ski01,0.13,0.1,0.78,0.7783,2.87,0.4,1,0,1353.0,1352,1352,0,0.2212,0.2212,3840,0.0857,0.2212,0.8529,goturn,0,0,1053,0,299
158,Ski01,0.84,0.1,0.0,0.0,12.39,0.4,0,1,1353.0,1352,1352,0,1.0,1.0,3840,0.5062,1.0,0.0102,mosse,0,0,0,0,1352
159,Ski01,0.57,0.1,0.0,0.0,5.95,0.4,0,0,1353.0,1352,1352,1,1.0,1.0,3840,0.4403,1.0,0.0036,csrt,0,0,0,0,1352
160,Bike02,1.0,0.1,0.0,0.0,15.84,0.4,0,1,99.0,98,98,0,1.0,1.0,720,0.6588,1.0,0.0135,mil,0,0,0,0,98
161,Bike02,1.0,0.1,0.99,0.0,68.83,0.4,0,1,99.0,1,98,0,1.0,0.0102,720,0.9624,0.0102,0.001,kcf,97,0,0,0,1
162,Bike02,0.0,0.1,1.0,0.9798,16.72,0.4,1,0,99.0,97,98,0,0.0,0.0,720,0.0,0.0,0.1528,tld,1,0,97,0,0
163,Bike02,1.0,0.1,0.01,0.0,75.32,0.4,0,1,99.0,97,98,0,1.0,0.9898,720,0.7786,0.9898,0.0038,medianflow,1,0,0,0,97
164,Bike02,0.07,0.1,0.58,0.5758,13.48,0.4,1,0,99.0,98,98,0,0.4184,0.4184,720,0.08199999999999999,0.4184,0.1136,goturn,0,0,57,0,41
165,Bike02,1.0,0.1,0.99,0.0,105.08,0.4,0,1,99.0,1,98,0,1.0,0.0102,720,0.9540000000000001,0.0102,0.0003,mosse,97,0,0,0,1
166,Bike02,1.0,0.1,0.0,0.0,31.96,0.4,0,1,99.0,98,98,0,1.0,1.0,720,0.7286,1.0,0.0029,csrt,0,0,0,0,98
167,Car01,1.0,0.1,0.0,0.0,15.13,0.4,0,1,157.0,156,156,0,1.0,1.0,1504,0.7617,1.0,0.0046,mil,0,0,0,0,156
168,Car01,1.0,0.1,0.0,0.0,45.62,0.4,0,1,157.0,156,156,0,1.0,1.0,1504,0.7618,1.0,0.0054,kcf,0,0,0,0,156
169,Car01,0.93,0.1,0.0,0.0,11.89,0.4,0,1,157.0,156,156,0,1.0,1.0,1504,0.5668,1.0,0.0285,tld,0,0,0,0,156
170,Car01,1.0,0.1,0.0,0.0,55.58,0.4,0,1,157.0,156,156,0,1.0,1.0,1504,0.8603,1.0,0.0079,medianflow,0,0,0,0,156
171,Car01,1.0,0.1,0.0,0.0,60.76,0.4,0,1,157.0,156,156,0,1.0,1.0,1504,0.7996,1.0,0.0074,mosse,0,0,0,0,156
172,Car01,1.0,0.1,0.0,0.0,14.74,0.4,0,1,157.0,156,156,0,1.0,1.0,1504,0.7183,1.0,0.0044,csrt,0,0,0,0,156
173,Wake01,0.12,0.1,0.52,0.5212,11.81,0.4,1,0,756.0,755,755,0,0.4781,0.4781,1920,0.1249,0.4781,0.25,mil,0,0,394,0,361
174,Wake01,1.0,0.1,0.97,0.0,36.83,0.4,0,1,756.0,25,755,0,1.0,0.0331,1920,0.6,0.0331,0.0077,kcf,730,0,0,0,25
175,Wake01,0.06,0.1,0.91,0.9114,6.43,0.4,1,0,756.0,755,755,0,0.0874,0.0874,1920,0.0405,0.0874,0.3481,tld,0,0,689,0,66
176,Wake01,0.2,0.1,0.93,0.12300000000000001,31.99,0.4,1,0,756.0,145,755,0,0.3586,0.0689,1920,0.1273,0.0689,0.2476,medianflow,610,0,93,0,52
177,Wake01,0.01,0.1,0.93,0.9325,12.21,0.4,1,0,756.0,755,755,0,0.0662,0.0662,1920,0.0131,0.0662,0.3248,goturn,0,0,705,0,50
178,Wake01,0.06,0.1,0.45,0.1283,42.67,0.4,1,0,756.0,514,755,0,0.8113,0.5523,1920,0.11900000000000001,0.5523,0.0501,mosse,241,0,97,0,417
179,Wake01,0.91,0.1,0.0,0.0,15.77,0.4,0,1,756.0,755,755,0,1.0,1.0,1920,0.5198,1.0,0.0053,csrt,0,0,0,0,755
180,Wake01,0.11,0.1,0.5,0.5,13.69,0.4,1,0,756.0,755,755,0,0.4993,0.4993,1280,0.1323,0.4993,0.231,mil,0,0,378,0,377
181,Wake01,1.0,0.1,0.97,0.0,53.05,0.4,0,1,756.0,25,755,0,1.0,0.0331,1280,0.6082,0.0331,0.0074,kcf,730,0,0,0,25
182,Wake01,0.05,0.1,0.81,0.8042,8.75,0.4,1,0,756.0,754,755,0,0.1936,0.1934,1280,0.049,0.1934,0.3034,tld,1,0,608,0,146
183,Wake01,0.14,0.1,0.93,0.1944,51.63,0.4,1,0,756.0,200,755,0,0.265,0.0702,1280,0.0947,0.0702,0.4086,medianflow,555,0,147,0,53
184,Wake01,0.01,0.1,0.95,0.9537,13.04,0.4,1,0,756.0,755,755,0,0.045,0.045,1280,0.0121,0.045,0.3285,goturn,0,0,721,0,34
185,Wake01,1.0,0.1,0.96,0.0,58.85,0.4,0,1,756.0,32,755,0,1.0,0.0424,1280,0.555,0.0424,0.0087,mosse,723,0,0,0,32
186,Wake01,0.33,0.1,0.49,0.1243,23.87,0.4,0,0,756.0,478,755,1,0.8033,0.5086,1280,0.2977,0.5086,0.0587,csrt,277,0,94,0,384
187,Surf01,0.05,0.1,0.77,0.7958,14.23,0.4,1,0,803.0,697,697,0,0.2032,0.2339,1504,0.0369,0.2339,0.1836,mil,0,105,534,0,163
188,Surf01,1.0,0.1,0.99,0.0,58.0,0.4,0,1,803.0,6,697,0,1.0,0.0086,1504,0.879,0.0086,0.0024,kcf,691,0,0,105,6
189,Surf01,0.28,0.1,0.18,0.2416,10.06,0.4,0,0,803.0,680,697,1,0.7474,0.8235,1504,0.2577,0.8235,0.0625,tld,17,88,106,17,574
190,Surf01,0.03,0.1,0.98,0.8456,53.35,0.4,1,0,803.0,600,697,0,0.023,0.023,1504,0.0185,0.023,0.4452,medianflow,97,95,584,10,16
191,Surf01,0.15,0.1,0.22,0.3188,12.08,0.4,1,0,803.0,697,697,0,0.6808,0.7834,1504,0.1506,0.7834,0.067,goturn,0,105,151,0,546
192,Surf01,0.51,0.1,0.89,0.0037,76.9,0.4,0,0,803.0,82,697,1,0.9634,0.1133,1504,0.4496,0.1133,0.0344,mosse,615,0,3,105,79
193,Surf01,0.89,0.1,0.87,0.0174,39.8,0.4,0,1,803.0,94,697,0,0.8654,0.1291,1504,0.598,0.1291,0.0175,csrt,603,10,4,95,90
194,Snowboard01,0.46,0.1,0.35,0.3451,15.14,0.4,0,0,113.0,112,112,1,0.6518,0.6518,1280,0.3358,0.6518,0.2411,mil,0,0,39,0,73
195,Snowboard01,1.0,0.1,0.98,0.0,65.91,0.4,0,1,113.0,2,112,0,1.0,0.0179,1280,0.8865,0.0179,0.0011,kcf,110,0,0,0,2
196,Snowboard01,0.14,0.1,0.72,0.7168,12.28,0.4,1,0,113.0,112,112,0,0.2768,0.2768,1280,0.1122,0.2768,0.4218,tld,0,0,81,0,31
197,Snowboard01,0.48,0.1,0.82,0.1947,59.53,0.4,0,0,113.0,42,112,1,0.4762,0.1786,1280,0.3758,0.1786,0.5404,medianflow,70,0,22,0,20
198,Snowboard01,0.15,0.1,0.78,0.7699,11.81,0.4,1,0,113.0,112,112,0,0.2232,0.2232,1280,0.1212,0.2232,0.3999,goturn,0,0,87,0,25
199,Snowboard01,1.0,0.1,0.99,0.0,77.5,0.4,0,1,113.0,1,112,0,1.0,0.0089,1280,0.9364,0.0089,0.0008,mosse,111,0,0,0,1
200,Snowboard01,0.21,0.1,0.74,0.708,22.01,0.4,0,0,113.0,109,112,1,0.2661,0.2589,1280,0.159,0.2589,0.3797,csrt,3,0,80,0,29
201,Bike02,1.0,0.1,0.0,0.0,14.35,0.4,0,1,99.0,98,98,0,1.0,1.0,1504,0.7996,1.0,0.0034,mil,0,0,0,0,98
202,Bike02,1.0,0.1,0.0,0.0,43.81,0.4,0,1,99.0,98,98,0,1.0,1.0,1504,0.8089,1.0,0.0023,kcf,0,0,0,0,98
203,Bike02,0.94,0.1,0.0,0.0,10.83,0.4,0,1,99.0,98,98,0,1.0,1.0,1504,0.529,1.0,0.0193,tld,0,0,0,0,98
204,Bike02,1.0,0.1,0.0,0.0,47.34,0.4,0,1,99.0,98,98,0,1.0,1.0,1504,0.804,1.0,0.002,medianflow,0,0,0,0,98
205,Bike02,0.03,0.1,0.0,0.0,12.94,0.4,1,0,99.0,98,98,0,1.0,1.0,1504,0.071,1.0,0.0385,goturn,0,0,0,0,98
206,Bike02,1.0,0.1,0.0,0.0,55.69,0.4,0,1,99.0,98,98,0,1.0,1.0,1504,0.823,1.0,0.0026,mosse,0,0,0,0,98
207,Bike02,1.0,0.1,0.0,0.0,19.76,0.4,0,1,99.0,98,98,0,1.0,1.0,1504,0.8078,1.0,0.0023,csrt,0,0,0,0,98
208,Human01,0.35,0.1,0.33,0.4625,14.04,0.4,0,0,80.0,63,63,1,0.5316,0.6667,1280,0.3204,0.6667,0.1197,mil,0,16,21,0,42
209,Human01,1.0,0.1,0.94,0.0,55.96,0.4,0,1,80.0,4,63,0,1.0,0.0635,1280,0.8571,0.0635,0.0011,kcf,59,0,0,16,4
210,Human01,0.1,0.1,0.83,0.85,7.04,0.4,1,0,80.0,63,63,0,0.1392,0.1746,1280,0.0802,0.1746,0.3941,tld,0,16,52,0,11
211,Human01,0.13,0.1,0.57,0.65,50.23,0.4,1,0,80.0,63,63,0,0.3418,0.4286,1280,0.0977,0.4286,0.2019,medianflow,0,16,36,0,27
212,Human01,0.13,0.1,0.33,0.4625,10.59,0.4,1,0,80.0,63,63,0,0.5316,0.6667,1280,0.2281,0.6667,0.1084,goturn,0,16,21,0,42
213,Human01,1.0,0.1,0.89,0.0,58.42,0.4,0,1,80.0,7,63,0,1.0,0.1111,1280,0.82,0.1111,0.0022,mosse,56,0,0,16,7
214,Human01,0.86,0.1,0.0,0.2,22.55,0.4,0,1,80.0,63,63,0,0.7975,1.0,1280,0.5314,1.0,0.0085,csrt,0,16,0,0,63
215,Ski02,0.51,0.1,0.0,0.0,11.71,0.4,0,0,602.0,601,601,1,1.0,1.0,1920,0.4381,1.0,0.0066,mil,0,0,0,0,601
216,Ski02,0.57,0.1,0.0,0.0,29.68,0.4,0,0,602.0,601,601,1,1.0,1.0,1920,0.4419,1.0,0.0051,kcf,0,0,0,0,601
217,Ski02,0.52,0.1,0.29,0.2857,6.16,0.4,0,0,602.0,601,601,1,0.7138,0.7138,1920,0.3345,0.7138,0.1475,tld,0,0,172,0,429
218,Ski02,0.98,0.1,0.0,0.0,31.35,0.4,0,1,602.0,601,601,0,1.0,1.0,1920,0.5916,1.0,0.0074,medianflow,0,0,0,0,601
219,Ski02,1.0,0.1,0.0,0.0,13.53,0.4,0,1,602.0,601,601,0,1.0,1.0,1920,0.7726,1.0,0.0023,goturn,0,0,0,0,601
220,Ski02,0.45,0.1,0.0,0.0,43.59,0.4,0,0,602.0,601,601,1,1.0,1.0,1920,0.4212,1.0,0.0037,mosse,0,0,0,0,601
221,Ski02,1.0,0.1,0.0,0.0,16.21,0.4,0,1,602.0,601,601,0,1.0,1.0,1920,0.6671,1.0,0.0033,csrt,0,0,0,0,601
222,Surf01,0.07,0.1,0.77,0.8032,14.76,0.4,1,0,803.0,697,697,0,0.1958,0.2253,1280,0.0491,0.2253,0.2224,mil,0,105,540,0,157
223,Surf01,1.0,0.1,0.99,0.0,63.41,0.4,0,1,803.0,6,697,0,1.0,0.0086,1280,0.8641,0.0086,0.003,kcf,691,0,0,105,6
224,Surf01,0.27,0.1,0.14,0.2042,12.77,0.4,0,0,803.0,674,697,1,0.7853,0.8608,1280,0.2707,0.8608,0.0443,tld,23,90,74,15,600
225,Surf01,0.03,0.1,0.98,0.8331,59.17,0.4,1,0,803.0,590,697,0,0.0234,0.023,1280,0.0192,0.023,0.431,medianflow,107,95,574,10,16
226,Surf01,0.15,0.1,0.22,0.32,13.25,0.4,1,0,803.0,697,697,0,0.6796,0.7819,1280,0.1485,0.7819,0.067,goturn,0,105,152,0,545
227,Surf01,1.0,0.1,0.98,0.0,76.13,0.4,0,1,803.0,12,697,0,1.0,0.0172,1280,0.7982,0.0172,0.0034,mosse,685,0,0,105,12
228,Surf01,0.59,0.1,0.77,0.0324,41.27,0.4,0,0,803.0,163,697,1,0.8624,0.2339,1280,0.3882,0.2339,0.0323,csrt,534,26,0,79,163
229,Bike07,0.61,0.1,0.22,0.24,14.57,0.4,0,0,75.0,72,72,1,0.7568,0.7778,1280,0.41600000000000004,0.7778,0.0642,mil,0,2,16,0,56
230,Bike07,1.0,0.1,0.97,0.0,63.75,0.4,0,1,75.0,2,72,0,1.0,0.0278,1280,0.9503,0.0278,0.0007,kcf,70,0,0,2,2
231,Bike07,0.07,0.1,0.57,0.5733,9.48,0.4,1,0,75.0,72,72,0,0.4189,0.4306,1280,0.0425,0.4306,0.2312,tld,0,2,41,0,31
232,Bike07,0.88,0.1,0.06,0.08,51.07,0.4,0,1,75.0,72,72,0,0.9189,0.9444,1280,0.6039,0.9444,0.013000000000000001,medianflow,0,2,4,0,68
233,Bike07,0.03,0.1,0.74,0.7333,11.11,0.4,1,0,75.0,72,72,0,0.2568,0.2639,1280,0.0204,0.2639,0.2933,goturn,0,2,53,0,19
234,Bike07,0.89,0.1,0.0,0.0267,21.62,0.4,0,1,75.0,72,72,0,0.973,1.0,1280,0.6381,1.0,0.0036,csrt,0,2,0,0,72
235,Bike07,0.51,0.1,0.26,0.28,16.57,0.4,0,0,75.0,72,72,1,0.7162,0.7361,720,0.3123,0.7361,0.0808,mil,0,2,19,0,53
236,Bike07,1.0,0.1,0.99,0.0,95.03,0.4,0,1,75.0,1,72,0,1.0,0.0139,720,0.9498,0.0139,0.0002,kcf,71,0,0,2,1
237,Bike07,0.0,0.1,0.99,0.9733,12.42,0.4,1,0,75.0,72,72,0,0.0135,0.0139,720,0.0028,0.0139,0.4242,tld,0,2,71,0,1
238,Bike07,0.0,0.1,0.69,0.6933,81.03,0.4,1,0,75.0,72,72,0,0.2973,0.3056,720,0.017,0.3056,0.2774,medianflow,0,2,50,0,22
239,Bike07,0.03,0.1,0.74,0.7333,12.2,0.4,1,0,75.0,72,72,0,0.2568,0.2639,720,0.0298,0.2639,0.251,goturn,0,2,53,0,19
240,Bike07,0.0,0.1,1.0,0.0,82.56,0.4,1,0,75.0,0,72,0,0.0,0.0,720,0.0,0.0,,mosse,72,0,0,2,0
241,Bike07,1.0,0.1,0.0,0.0267,28.14,0.4,0,1,75.0,72,72,0,0.973,1.0,720,0.6864,1.0,0.0034,csrt,0,2,0,0,72
242,Human01,0.14,0.1,0.7,0.75,16.68,0.4,1,0,80.0,63,63,0,0.2405,0.3016,720,0.1341,0.3016,0.1465,mil,0,16,44,0,19
243,Human01,1.0,0.1,0.98,0.0,95.98,0.4,0,1,80.0,1,63,0,1.0,0.0159,720,0.9579,0.0159,0.0005,kcf,62,0,0,16,1
244,Human01,0.1,0.1,0.48,0.575,13.7,0.4,1,0,80.0,63,63,0,0.4177,0.5238,720,0.0905,0.5238,0.1717,tld,0,16,30,0,33
245,Human01,0.02,0.1,0.63,0.7,89.63,0.4,1,0,80.0,63,63,0,0.2911,0.3651,720,0.0242,0.3651,0.2275,medianflow,0,16,40,0,23
246,Human01,0.33,0.1,0.44,0.55,13.87,0.4,0,0,80.0,63,63,1,0.44299999999999995,0.5556,720,0.2019,0.5556,0.1592,goturn,0,16,28,0,35
247,Human01,0.0,0.1,1.0,0.0,104.87,0.4,1,0,80.0,0,63,0,0.0,0.0,720,0.0,0.0,,mosse,63,0,0,16,0
248,Human01,0.98,0.1,0.0,0.2,36.6,0.4,0,1,80.0,63,63,0,0.7975,1.0,720,0.6384,1.0,0.0074,csrt,0,16,0,0,63
249,Snowboard01,0.2,0.1,0.76,0.7522,15.41,0.4,1,0,113.0,112,112,0,0.2411,0.2411,1504,0.1572,0.2411,0.41,mil,0,0,85,0,27
250,Snowboard01,1.0,0.1,0.98,0.0,69.53,0.4,0,1,113.0,2,112,0,1.0,0.0179,1504,0.8565,0.0179,0.0018,kcf,110,0,0,0,2
251,Snowboard01,0.12,0.1,0.76,0.7522,9.86,0.4,1,0,113.0,112,112,0,0.2411,0.2411,1504,0.0949,0.2411,0.5327,tld,0,0,85,0,27
252,Snowboard01,0.62,0.1,0.82,0.1062,61.82,0.4,0,0,113.0,32,112,1,0.625,0.1786,1504,0.4978,0.1786,0.3649,medianflow,80,0,12,0,20
253,Snowboard01,0.15,0.1,0.78,0.7699,8.15,0.4,1,0,113.0,112,112,0,0.2232,0.2232,1504,0.1205,0.2232,0.4901,goturn,0,0,87,0,25
254,Snowboard01,1.0,0.1,0.99,0.0,81.39,0.4,0,1,113.0,1,112,0,1.0,0.0089,1504,0.9698,0.0089,0.0,mosse,111,0,0,0,1
255,Snowboard01,0.67,0.1,0.0,0.0,22.48,0.4,0,0,113.0,112,112,1,1.0,1.0,1504,0.5051,1.0,0.0154,csrt,0,0,0,0,112
256,Bike07,0.83,0.1,0.0,0.0267,13.59,0.4,0,1,75.0,72,72,0,0.973,1.0,1504,0.5299,1.0,0.0069,mil,0,2,0,0,72
257,Bike07,1.0,0.1,0.97,0.0,58.55,0.4,0,1,75.0,2,72,0,1.0,0.0278,1504,0.9351,0.0278,0.0007,kcf,70,0,0,2,2
258,Bike07,0.64,0.1,0.33,0.3467,8.8,0.4,0,0,75.0,72,72,1,0.6486,0.6667,1504,0.4189,0.6667,0.2269,tld,0,2,24,0,48
259,Bike07,0.88,0.1,0.06,0.08,48.33,0.4,0,1,75.0,72,72,0,0.9189,0.9444,1504,0.6281,0.9444,0.0126,medianflow,0,2,4,0,68
260,Bike07,0.03,0.1,0.74,0.7333,12.98,0.4,1,0,75.0,72,72,0,0.2568,0.2639,1504,0.0206,0.2639,0.2941,goturn,0,2,53,0,19
261,Bike07,1.0,0.1,0.99,0.0,61.39,0.4,0,1,75.0,1,72,0,1.0,0.0139,1504,0.8929,0.0139,0.0004,mosse,71,0,0,2,1
262,Bike07,0.97,0.1,0.0,0.0267,19.95,0.4,0,1,75.0,72,72,0,0.973,1.0,1504,0.6589,1.0,0.0029,csrt,0,2,0,0,72
263,Ski02,0.61,0.1,0.0,0.0,14.59,0.4,0,0,602.0,601,601,1,1.0,1.0,1280,0.4594,1.0,0.0069,mil,0,0,0,0,601
264,Ski02,0.64,0.1,0.0,0.0,52.08,0.4,0,0,602.0,601,601,1,1.0,1.0,1280,0.4511,1.0,0.0046,kcf,0,0,0,0,601
265,Ski02,0.89,0.1,0.08,0.0831,12.54,0.4,0,1,602.0,601,601,0,0.9168,0.9168,1280,0.5674,0.9168,0.0395,tld,0,0,50,0,551
266,Ski02,0.92,0.1,0.0,0.0,51.12,0.4,0,1,602.0,601,601,0,1.0,1.0,1280,0.5389,1.0,0.0075,medianflow,0,0,0,0,601
267,Ski02,1.0,0.1,0.0,0.0,14.38,0.4,0,1,602.0,601,601,0,1.0,1.0,1280,0.7715,1.0,0.0023,goturn,0,0,0,0,601
268,Ski02,0.27,0.1,0.0,0.0,55.45,0.4,0,0,602.0,601,601,1,1.0,1.0,1280,0.3854,1.0,0.0061,mosse,0,0,0,0,601
269,Ski02,0.98,0.1,0.0,0.0,20.51,0.4,0,1,602.0,601,601,0,1.0,1.0,1280,0.6122,1.0,0.0034,csrt,0,0,0,0,601
270,Ski03,0.12,0.1,0.74,0.7361,16.7,0.4,1,0,1114.0,1113,1113,0,0.2633,0.2633,1280,0.1349,0.2633,0.2541,mil,0,0,820,0,293
271,Ski03,0.16,0.1,0.38,0.1113,36.68,0.4,1,0,1114.0,812,1113,0,0.8473,0.6181,1280,0.1999,0.6181,0.0845,kcf,301,0,124,0,688
272,Ski03,0.3,0.1,0.67,0.6732,12.43,0.4,0,0,1114.0,1113,1113,1,0.3261,0.3261,1280,0.1859,0.3261,0.2488,tld,0,0,750,0,363
273,Ski03,0.31,0.1,0.46,0.4641,54.64,0.4,0,0,1114.0,1113,1113,1,0.5355,0.5355,1280,0.2374,0.5355,0.2931,medianflow,0,0,517,0,596
274,Ski03,0.84,0.1,0.0,0.0,14.84,0.4,0,1,1114.0,1113,1113,0,1.0,1.0,1280,0.5263,1.0,0.0072,goturn,0,0,0,0,1113
275,Ski03,0.1,0.1,0.38,0.3797,52.58,0.4,1,0,1114.0,1113,1113,0,0.6199,0.6199,1280,0.1149,0.6199,0.2396,mosse,0,0,423,0,690
276,Ski03,0.27,0.1,0.0,0.0,21.65,0.4,0,0,1114.0,1113,1113,1,1.0,1.0,1280,0.3289,1.0,0.0084,csrt,0,0,0,0,1113
277,Ski01,0.55,0.1,0.26,0.2572,13.65,0.4,0,0,1353.0,1352,1352,1,0.7426,0.7426,720,0.3582,0.7426,0.1573,mil,0,0,348,0,1004
278,Ski01,1.0,0.1,1.0,0.0,39.44,0.4,0,1,1353.0,1,1352,0,1.0,0.0007,720,0.9602,0.0007,0.001,kcf,1351,0,0,0,1
279,Ski01,0.0,0.1,0.99,0.9874,10.11,0.4,1,0,1353.0,1352,1352,0,0.0118,0.0118,720,0.0004,0.0118,0.7759999999999999,tld,0,0,1336,0,16
280,Ski01,0.01,0.1,0.92,0.031,36.13,0.4,1,0,1353.0,146,1352,0,0.7123,0.0769,720,0.0882,0.0769,0.0679,medianflow,1206,0,42,0,104
281,Ski01,0.13,0.1,0.82,0.8189,12.25,0.4,1,0,1353.0,1352,1352,0,0.1805,0.1805,720,0.0875,0.1805,0.8226,goturn,0,0,1108,0,244
282,Ski01,0.0,0.1,1.0,0.0,39.56,0.4,1,0,1353.0,0,1352,0,0.0,0.0,720,0.0,0.0,,mosse,1352,0,0,0,0
283,Ski01,0.93,0.1,0.0,0.0,21.81,0.4,0,1,1353.0,1352,1352,0,1.0,1.0,720,0.5794,1.0,0.0042,csrt,0,0,0,0,1352
284,Bike04,0.2,0.1,0.47,0.4632,16.71,0.4,0,0,95.0,94,94,1,0.5319,0.5319,720,0.1182,0.5319,0.126,mil,0,0,44,0,50
285,Bike04,1.0,0.1,0.99,0.0,90.38,0.4,0,1,95.0,1,94,0,1.0,0.0106,720,0.8752,0.0106,0.0017,kcf,93,0,0,0,1
286,Bike04,0.0,0.1,1.0,0.9895,12.16,0.4,1,0,95.0,94,94,0,0.0,0.0,720,0.0,0.0,0.4136,tld,0,0,94,0,0
287,Bike04,0.04,0.1,0.78,0.7684,84.57,0.4,1,0,95.0,94,94,0,0.2234,0.2234,720,0.0321,0.2234,0.2638,medianflow,0,0,73,0,21
288,Bike04,0.03,0.1,0.24,0.2421,14.03,0.4,1,0,95.0,94,94,0,0.7553,0.7553,720,0.0906,0.7553,0.0591,goturn,0,0,23,0,71
289,Bike04,0.0,0.1,1.0,0.0,98.75,0.4,1,0,95.0,0,94,0,0.0,0.0,720,0.0,0.0,,mosse,94,0,0,0,0
290,Bike04,1.0,0.1,0.0,0.0,20.46,0.4,0,1,95.0,94,94,0,1.0,1.0,720,0.6451,1.0,0.0034,csrt,0,0,0,0,94
291,Sup01,0.78,0.1,0.0,0.0188,15.02,0.4,0,0,373.0,365,365,1,0.9812,1.0,1280,0.5206,1.0,0.0108,mil,0,7,0,0,365
292,Sup01,1.0,0.1,0.81,0.0,70.21,0.4,0,1,373.0,69,365,0,1.0,0.18899999999999997,1280,0.8073,0.18899999999999997,0.003,kcf,296,0,0,7,69
293,Sup01,0.51,0.1,0.11,0.0643,13.8,0.4,0,0,373.0,350,365,1,0.9314,0.8932,1280,0.3968,0.8932,0.0243,tld,15,0,24,7,326
294,Sup01,0.58,0.1,0.11,0.0,61.55,0.4,0,0,373.0,326,365,1,1.0,0.8932,1280,0.5129,0.8932,0.0081,medianflow,39,0,0,7,326
295,Sup01,0.29,0.1,0.06,0.0804,13.82,0.4,0,0,373.0,365,365,1,0.9194,0.937,1280,0.2966,0.937,0.0705,goturn,0,7,23,0,342
296,Sup01,0.67,0.1,0.0,0.0134,74.95,0.4,0,0,373.0,365,365,1,0.9865,1.0,1280,0.5121,1.0,0.0043,mosse,0,5,0,2,365
297,Sup01,0.82,0.1,0.06,0.0,26.14,0.4,0,1,373.0,342,365,0,1.0,0.937,1280,0.5111,0.937,0.0041,csrt,23,0,0,7,342
298,Snowboard01,0.58,0.1,0.0,0.0,17.48,0.4,0,0,113.0,112,112,1,1.0,1.0,720,0.4343,1.0,0.0195,mil,0,0,0,0,112
299,Snowboard01,1.0,0.1,0.99,0.0,104.92,0.4,0,1,113.0,1,112,0,1.0,0.0089,720,0.9663,0.0089,0.0005,kcf,111,0,0,0,1
300,Snowboard01,0.53,0.1,0.29,0.292,22.81,0.4,0,0,113.0,112,112,1,0.7054,0.7054,720,0.35100000000000003,0.7054,0.1324,tld,0,0,33,0,79
301,Snowboard01,0.36,0.1,0.82,0.3186,92.25,0.4,0,0,113.0,56,112,1,0.3571,0.1786,720,0.2751,0.1786,0.5194,medianflow,56,0,36,0,20
302,Snowboard01,0.15,0.1,0.77,0.7611,14.0,0.4,1,0,113.0,112,112,0,0.2321,0.2321,720,0.1202,0.2321,0.4343,goturn,0,0,86,0,26
303,Snowboard01,1.0,0.1,0.99,0.0,112.76,0.4,0,1,113.0,1,112,0,1.0,0.0089,720,0.9304,0.0089,0.0017,mosse,111,0,0,0,1
304,Snowboard01,0.92,0.1,0.0,0.0,37.32,0.4,0,1,113.0,112,112,0,1.0,1.0,720,0.5870000000000001,1.0,0.0124,csrt,0,0,0,0,112
305,Sup01,0.78,0.1,0.0,0.0188,14.8,0.4,0,0,373.0,365,365,1,0.9812,1.0,1504,0.4801,1.0,0.0094,mil,0,7,0,0,365
306,Sup01,1.0,0.1,0.77,0.0,72.81,0.4,0,1,373.0,83,365,0,1.0,0.2274,1504,0.7902,0.2274,0.0037,kcf,282,0,0,7,83
307,Sup01,0.96,0.1,0.12,0.0,12.35,0.4,0,1,373.0,320,365,0,1.0,0.8767,1504,0.5871,0.8767,0.0094,tld,45,0,0,7,320
308,Sup01,0.5,0.1,0.11,0.0241,62.77,0.4,0,0,373.0,335,365,1,0.9731,0.8932,1504,0.4336,0.8932,0.0144,medianflow,30,0,9,7,326
309,Sup01,0.28,0.1,0.06,0.0804,12.63,0.4,0,0,373.0,365,365,1,0.9194,0.937,1504,0.27699999999999997,0.937,0.0645,goturn,0,7,23,0,342
310,Sup01,0.78,0.1,0.06,0.0,22.68,0.4,0,0,373.0,342,365,1,1.0,0.937,1504,0.5207,0.937,0.0044,csrt,23,0,0,7,342
311,Car01,1.0,0.1,0.0,0.0,16.26,0.4,0,1,157.0,156,156,0,1.0,1.0,1280,0.7224,1.0,0.0096,mil,0,0,0,0,156
312,Car01,1.0,0.1,0.0,0.0,53.29,0.4,0,1,157.0,156,156,0,1.0,1.0,1280,0.7511,1.0,0.0043,kcf,0,0,0,0,156
313,Car01,0.96,0.1,0.0,0.0,14.96,0.4,0,1,157.0,156,156,0,1.0,1.0,1280,0.5852,1.0,0.0289,tld,0,0,0,0,156
314,Car01,1.0,0.1,0.0,0.0,62.34,0.4,0,1,157.0,156,156,0,1.0,1.0,1280,0.8572,1.0,0.0081,medianflow,0,0,0,0,156
315,Car01,1.0,0.1,0.0,0.0,45.41,0.4,0,1,157.0,156,156,0,1.0,1.0,1280,0.7802,1.0,0.008,mosse,0,0,0,0,156
316,Car01,1.0,0.1,0.0,0.0,12.68,0.4,0,1,157.0,156,156,0,1.0,1.0,1280,0.649,1.0,0.0061,csrt,0,0,0,0,156
317,Ski03,0.12,0.1,0.4,0.3986,19.76,0.4,1,0,1114.0,1113,1113,0,0.6011,0.6011,720,0.1442,0.6011,0.1467,mil,0,0,444,0,669
318,Ski03,0.16,0.1,0.39,0.1167,69.61,0.4,1,0,1114.0,812,1113,0,0.8399,0.6128,720,0.1951,0.6128,0.0874,kcf,301,0,130,0,682
319,Ski03,0.28,0.1,0.68,0.6831,25.16,0.4,0,0,1114.0,1113,1113,1,0.3163,0.3163,720,0.1735,0.3163,0.2036,tld,0,0,761,0,352
320,Ski03,0.18,0.1,0.65,0.6373,90.75,0.4,1,0,1114.0,1104,1113,0,0.3569,0.354,720,0.1698,0.354,0.4029,medianflow,9,0,710,0,394
321,Ski03,0.86,0.1,0.0,0.0,16.15,0.4,0,1,1114.0,1113,1113,0,1.0,1.0,720,0.5334,1.0,0.006999999999999999,goturn,0,0,0,0,1113
322,Ski03,0.1,0.1,0.37,0.3698,81.18,0.4,1,0,1114.0,1112,1113,0,0.6295,0.6289,720,0.1146,0.6289,0.2251,mosse,1,0,412,0,700
323,Ski03,0.24,0.1,0.0,0.0,27.6,0.4,0,0,1114.0,1113,1113,1,1.0,1.0,720,0.2763,1.0,0.0109,csrt,0,0,0,0,1113
324,Ski04,0.74,0.1,0.0,0.0,15.22,0.4,0,0,254.0,253,253,1,1.0,1.0,1280,0.5306,1.0,0.0106,mil,0,0,0,0,253
325,Ski04,0.56,0.1,0.74,0.0,57.65,0.4,0,0,254.0,66,253,1,1.0,0.2609,1280,0.48100000000000004,0.2609,0.0117,kcf,187,0,0,0,66
326,Ski04,0.54,0.1,0.0,0.0,14.71,0.4,0,0,254.0,253,253,1,1.0,1.0,1280,0.4236,1.0,0.0168,tld,0,0,0,0,253
327,Ski04,0.83,0.1,0.0,0.0,58.58,0.4,0,1,254.0,253,253,0,1.0,1.0,1280,0.5601,1.0,0.0124,medianflow,0,0,0,0,253
328,Ski04,0.23,0.1,0.0,0.0,13.85,0.4,0,0,254.0,253,253,1,1.0,1.0,1280,0.2943,1.0,0.0274,goturn,0,0,0,0,253
329,Ski04,0.63,0.1,0.0,0.0,66.23,0.4,0,0,254.0,253,253,1,1.0,1.0,1280,0.4837,1.0,0.017,mosse,0,0,0,0,253
330,Ski04,0.62,0.1,0.0,0.0,19.83,0.4,0,0,254.0,253,253,1,1.0,1.0,1280,0.5042,1.0,0.0123,csrt,0,0,0,0,253
331,Bike08,0.41,0.1,0.0,0.0036,10.98,0.4,0,0,559.0,556,556,1,0.9964,1.0,1920,0.4041,1.0,0.0155,mil,0,2,0,0,556
332,Bike08,0.4,0.1,0.2,0.0036,32.89,0.4,0,0,559.0,446,556,1,0.9955,0.8022,1920,0.4064,0.8022,0.0138,kcf,110,2,0,0,446
333,Bike08,0.76,0.1,0.01,0.0125,7.16,0.4,0,0,559.0,556,556,1,0.9875,0.991,1920,0.5158,0.991,0.0392,tld,0,2,5,0,551
334,Bike08,0.17,0.1,0.76,0.7585,29.69,0.4,1,0,559.0,556,556,0,0.2401,0.24100000000000002,1920,0.1225,0.24100000000000002,0.2886,medianflow,0,2,422,0,134
335,Bike08,0.0,0.1,0.98,0.9785,11.19,0.4,1,0,559.0,556,556,0,0.0197,0.0198,1920,0.0051,0.0198,0.4764,goturn,0,2,545,0,11
336,Bike08,0.46,0.1,0.0,0.0036,36.01,0.4,0,0,559.0,556,556,1,0.9964,1.0,1920,0.4207,1.0,0.0132,mosse,0,2,0,0,556
337,Bike08,0.99,0.1,0.0,0.0036,14.19,0.4,0,1,559.0,556,556,0,0.9964,1.0,1920,0.6406,1.0,0.0134,csrt,0,2,0,0,556
338,Ski02,0.58,0.1,0.0,0.0,17.73,0.4,0,0,602.0,601,601,1,1.0,1.0,720,0.4279,1.0,0.0089,mil,0,0,0,0,601
339,Ski02,1.0,0.1,1.0,0.0,96.05,0.4,0,1,602.0,1,601,0,1.0,0.0017,720,0.9394,0.0017,0.0014,kcf,600,0,0,0,1
340,Ski02,0.0,0.1,0.33,0.3322,24.9,0.4,1,0,602.0,600,601,0,0.6667,0.6656,720,0.0003,0.6656,0.201,tld,1,0,200,0,400
341,Ski02,0.96,0.1,0.0,0.0,84.39,0.4,0,1,602.0,600,601,0,1.0,0.9983,720,0.5544,0.9983,0.0064,medianflow,1,0,0,0,600
342,Ski02,1.0,0.1,0.0,0.0,15.97,0.4,0,1,602.0,601,601,0,1.0,1.0,720,0.7664,1.0,0.0025,goturn,0,0,0,0,601
343,Ski02,1.0,0.1,0.99,0.0,95.66,0.4,0,1,602.0,8,601,0,1.0,0.0133,720,0.7192,0.0133,0.0049,mosse,593,0,0,0,8
344,Ski02,0.64,0.1,0.0,0.0,31.47,0.4,0,0,602.0,601,601,1,1.0,1.0,720,0.4569,1.0,0.0036,csrt,0,0,0,0,601
345,Sup01,0.53,0.1,0.0,0.0188,16.82,0.4,0,0,373.0,365,365,1,0.9812,1.0,720,0.4277,1.0,0.0202,mil,0,7,0,0,365
346,Sup01,1.0,0.1,1.0,0.0,120.15,0.4,0,1,373.0,1,365,0,1.0,0.0027,720,0.9538,0.0027,0.0005,kcf,364,0,0,7,1
347,Sup01,0.0,0.1,1.0,0.7078,20.33,0.4,1,0,373.0,258,365,0,0.0,0.0,720,0.0005,0.0,0.4166,tld,107,6,258,1,0
348,Sup01,0.29,0.1,0.31,0.3217,106.53,0.4,0,0,373.0,365,365,1,0.6774,0.6904,720,0.2502,0.6904,0.09699999999999999,medianflow,0,7,113,0,252
349,Sup01,0.08,0.1,0.41,0.4182,16.18,0.4,1,0,373.0,365,365,0,0.5806,0.5918,720,0.1311,0.5918,0.0972,goturn,0,7,149,0,216
350,Sup01,0.0,0.1,1.0,0.0,126.79,0.4,1,0,373.0,0,365,0,0.0,0.0,720,0.0,0.0,,mosse,365,0,0,7,0
351,Sup01,0.94,0.1,0.06,0.0,33.23,0.4,0,1,373.0,342,365,0,1.0,0.937,720,0.6109,0.937,0.0033,csrt,23,0,0,7,342
352,Wake01,0.04,0.1,0.6,0.5979,17.07,0.4,1,0,756.0,755,755,0,0.4013,0.4013,720,0.0966,0.4013,0.2578,mil,0,0,452,0,303
353,Wake01,1.0,0.1,1.0,0.0,80.29,0.4,0,1,756.0,1,755,0,1.0,0.0013,720,0.9462,0.0013,0.0014,kcf,754,0,0,0,1
354,Wake01,0.0,0.1,0.94,0.922,18.95,0.4,1,0,756.0,741,755,0,0.0594,0.0583,720,0.0006,0.0583,0.3184,tld,14,0,697,0,44
355,Wake01,0.15,0.1,0.93,0.1389,84.25,0.4,1,0,756.0,158,755,0,0.3354,0.0702,720,0.1008,0.0702,0.3013,medianflow,597,0,105,0,53
356,Wake01,0.01,0.1,0.95,0.9537,16.79,0.4,1,0,756.0,755,755,0,0.045,0.045,720,0.0134,0.045,0.3364,goturn,0,0,721,0,34
357,Wake01,0.0,0.1,1.0,0.0,104.96,0.4,1,0,756.0,0,755,0,0.0,0.0,720,0.0,0.0,,mosse,755,0,0,0,0
358,Wake01,0.24,0.1,0.49,0.1243,41.91,0.4,0,0,756.0,478,755,1,0.8033,0.5086,720,0.24100000000000002,0.5086,0.0609,csrt,277,0,94,0,384
359,Bike05,0.57,0.1,0.03,0.0316,17.67,0.4,0,0,158.0,157,157,1,0.9682,0.9682,720,0.4476,0.9682,0.0194,mil,0,0,5,0,152
360,Bike05,1.0,0.1,0.94,0.0,95.47,0.4,0,1,158.0,10,157,0,1.0,0.0637,720,0.8555,0.0637,0.0053,kcf,147,0,0,0,10
361,Bike05,0.71,0.1,0.15,0.1519,30.17,0.4,0,0,158.0,157,157,1,0.8471,0.8471,720,0.4488,0.8471,0.0624,tld,0,0,24,0,133
362,Bike05,0.74,0.1,0.34,0.1772,84.01,0.4,0,0,158.0,131,157,1,0.7863,0.6561,720,0.5157,0.6561,0.0757,medianflow,26,0,28,0,103
363,Bike05,0.03,0.1,0.77,0.7658,7.29,0.4,1,0,158.0,157,157,0,0.2293,0.2293,720,0.0399,0.2293,0.9293,goturn,0,0,121,0,36
364,Bike05,0.0,0.1,1.0,0.0,98.25,0.4,1,0,158.0,0,157,0,0.0,0.0,720,0.0,0.0,,mosse,157,0,0,0,0
365,Bike05,0.91,0.1,0.0,0.0,29.17,0.4,0,1,158.0,157,157,0,1.0,1.0,720,0.6322,1.0,0.0061,csrt,0,0,0,0,157
366,Bike05,0.57,0.1,0.0,0.0,13.5,0.4,0,0,158.0,157,157,1,1.0,1.0,1504,0.4782,1.0,0.019,mil,0,0,0,0,157
367,Bike05,0.74,0.1,0.23,0.0,48.52,0.4,0,0,158.0,121,157,1,1.0,0.7707,1504,0.5451,0.7707,0.0068,kcf,36,0,0,0,121
368,Bike05,0.8,0.1,0.11,0.1139,10.6,0.4,0,0,158.0,157,157,1,0.8854,0.8854,1504,0.5459,0.8854,0.0654,tld,0,0,18,0,139
369,Bike05,0.56,0.1,0.41,0.3861,39.8,0.4,0,0,158.0,154,157,1,0.6039,0.5924,1504,0.3888,0.5924,0.1463,medianflow,3,0,61,0,93
370,Bike05,0.27,0.1,0.41,0.4114,8.21,0.4,0,0,158.0,157,157,1,0.586,0.586,1504,0.2247,0.586,0.5713,goturn,0,0,65,0,92
371,Bike05,0.55,0.1,0.0,0.0,54.09,0.4,0,0,158.0,157,157,1,1.0,1.0,1504,0.4815,1.0,0.0086,mosse,0,0,0,0,157
372,Bike05,1.0,0.1,0.0,0.0,19.85,0.4,0,1,158.0,157,157,0,1.0,1.0,1504,0.7469,1.0,0.0053,csrt,0,0,0,0,157
