frame;x1;y1;w;h
1;0.38203125;0.664814815;0.013802083;0.055092593
2;0.381770833;0.665277778;0.01484375;0.053703704000000005
3;0.38203125;0.664351852;0.01484375;0.056481480999999986
4;0.383072917;0.665740741;0.0140625;0.05462963
5;0.3828125;0.666203704;0.01484375;0.055092593
6;0.383333333;0.66712963;0.014322917;0.054166667
7;0.383333333;0.66712963;0.01484375;0.053240741
8;0.383854167;0.668055556;0.0140625;0.052314815
9;0.384114583;0.668981481;0.013802083;0.051388889000000014
10;0.383854167;0.667592593;0.01484375;0.053240741
11;0.384114583;0.665740741;0.014583333;0.051851852
12;0.384114583;0.664814815;0.014322917;0.050925926
13;0.383854167;0.661111111;0.016145833000000002;0.050925926
14;0.3828125;0.660185185;0.017708333;0.049537037
15;0.384375;0.654166667;0.015885417;0.047685185
16;0.38515625;0.648611111;0.01796875;0.043055556
17;0.384635417;0.644444444;0.016145833000000002;0.051851852
18;0.38515625;0.638888889;0.015885417;0.049074074
19;0.384895833;0.6333333329999999;0.016145833000000002;0.05
20;0.3854166670000001;0.630092593;0.015625;0.047685185
21;0.3861979170000001;0.6245370370000001;0.015364583;0.047685185
22;0.384635417;0.62037037;0.017447917;0.050925926
23;0.386458333;0.617592593;0.016145833000000002;0.047685185
24;0.386458333;0.616203704;0.016145833000000002;0.047222222
25;0.387760417;0.616203704;0.015625;0.044907407
26;0.386979167;0.61712963;0.01640625;0.047222222
27;0.388020833;0.619444444;0.015625;0.04537037
28;0.388802083;0.62037037;0.01484375;0.046296296
29;0.387239583;0.622685185;0.016927083;0.045833333
30;0.388802083;0.625;0.015885417;0.04537037
31;0.388020833;0.6254629629999999;0.017447917;0.048611111
32;0.388020833;0.628240741;0.0171875;0.048148148
33;0.388541667;0.6319444439999999;0.016927083;0.046759259
34;0.38671875;0.6319444439999999;0.019791667;0.050462963
35;0.388541667;0.634259259;0.018489583;0.050925926
36;0.390364583;0.637962963;0.016666667;0.049074074
37;0.392447917;0.640277778;0.015364583;0.047685185
38;0.39140625;0.643981481;0.016927083;0.047685185
39;0.38984375;0.647685185;0.01953125;0.049074074
40;0.39140625;0.649074074;0.018229167;0.048611111
41;0.390885417;0.6527777779999999;0.019270833;0.048611111
42;0.390625;0.655092593;0.019791667;0.047222222
43;0.39296875;0.658796296;0.018229167;0.047685185
44;0.39375;0.6597222220000001;0.01796875;0.049074074
45;0.394270833;0.6625;0.017447917;0.049074074
46;0.395833333;0.665277778;0.0171875;0.049074074
47;0.3984375;0.668055556;0.01640625;0.048611111
48;0.3984375;0.6708333329999999;0.01640625;0.045833333
49;0.4;0.676388889;0.01796875;0.041666667
50;0.39921875;0.680555556;0.0203125;0.0375
51;0.3984375;0.680555556;0.01875;0.046759259
52;0.399739583;0.683333333;0.01875;0.046759259
53;0.399739583;0.6870370370000001;0.019270833;0.046759259
54;0.40078125;0.6879629629999999;0.019010417;0.049074074
55;0.4015625;0.69212963;0.01875;0.048611111
56;0.402083333;0.694444444;0.019270833;0.05
57;0.403645833;0.699537037;0.018229167;0.048148148
58;0.4057291670000001;0.702314815;0.016666667;0.049074074
59;0.405208333;0.7041666670000001;0.018229167;0.05
60;0.407291667;0.70787037;0.017447917;0.048148148
61;0.407552083;0.7092592590000001;0.018489583;0.048611111
62;0.409114583;0.7111111109999999;0.017708333;0.050925926
63;0.4109375;0.714814815;0.016666667;0.049537037
64;0.4127604170000001;0.7162037040000001;0.016145833000000002;0.051851852
65;0.4135416670000001;0.72037037;0.016145833000000002;0.050925926
66;0.415625;0.725;0.0171875;0.043055556
67;0.41796875;0.7263888890000001;0.01484375;0.047222222
68;0.417708333;0.730555556;0.01640625;0.045833333
69;0.418489583;0.7333333329999999;0.016927083;0.046759259
70;0.4203125;0.7365740740000001;0.01640625;0.046296296
71;0.42109375;0.7375;0.01875;0.041666667
72;0.42265625;0.742592593;0.016666667;0.048148148
73;0.425;0.7444444440000001;0.01484375;0.044444444000000013
74;0.42578125;0.745833333;0.01953125;0.048611111
75;0.42578125;0.75;0.0203125;0.047222222
76;0.428125;0.756944444;0.01796875;0.041666667
77;0.43125;0.7583333329999999;0.01640625;0.044444444000000013
78;0.43046875;0.7597222220000001;0.0203125;0.048611111
79;0.4328125;0.761111111;0.0203125;0.045833333
80;0.43515625;0.7638888890000001;0.0171875;0.051388889000000014
81;0.434375;0.7666666670000001;0.02109375;0.047222222
82;0.435677083;0.7712962959999999;0.018489583;0.05
83;0.438541667;0.772222222;0.015104167;0.053240741
84;0.439583333;0.775;0.016927083;0.053703704000000005
85;0.441927083;0.7787037040000001;0.016145833000000002;0.05
86;0.44375;0.780092593;0.013541667;0.051388889000000014
87;0.4453125;0.7837962959999999;0.0140625;0.051851852
88;0.44609375;0.787037037;0.01484375;0.052314815
89;0.44453125;0.791666667;0.025;0.047222222
90;0.44765625;0.793055556;0.0234375;0.048611111
91;0.44765625;0.7958333329999999;0.02578125;0.052777778
92;0.45;0.8;0.02109375;0.047222222
93;0.453385417;0.8;0.016145833000000002;0.056944444
94;0.4546875;0.805092593;0.0171875;0.056018519
95;0.457552083;0.805555556;0.014583333;0.05787037
96;0.459114583;0.8092592590000001;0.01484375;0.056481480999999986
97;0.4596354170000001;0.813425926;0.01640625;0.055555556
98;0.4604166670000001;0.814814815;0.016145833000000002;0.055555556
99;0.45859375;0.8180555559999999;0.02421875;0.051388889000000014
100;0.4635416670000001;0.8208333329999999;0.017447917;0.058333333
101;0.463020833;0.825;0.019791667;0.056481480999999986
102;0.466666667;0.8263888890000001;0.016927083;0.058333333
103;0.468489583;0.8300925929999999;0.01640625;0.059722222
104;0.4721354170000001;0.83287037;0.01328125;0.05787037
105;0.472395833;0.835648148;0.015364583;0.058333333
106;0.4734375;0.838888889;0.016145833000000002;0.056481480999999986
107;0.4703125;0.841666667;0.0265625;0.051388889000000014
108;0.475;0.8439814809999999;0.019010417;0.056018519
109;0.4760416670000001;0.8472222220000001;0.020052083;0.05462963
110;0.47421875;0.848611111;0.02421875;0.052777778
111;0.47734375;0.8532407409999999;0.022916667;0.055092593
112;0.478125;0.856944444;0.02421875;0.051388889000000014
113;0.480989583;0.856481481;0.018229167;0.056018519
114;0.4796875;0.8583333329999999;0.0234375;0.051388889000000014
115;0.48203125;0.863888889;0.021875;0.048611111
116;0.48046875;0.8652777779999999;0.0265625;0.05
117;0.48203125;0.8652777779999999;0.025;0.051388889000000014
118;0.48359375;0.868055556;0.0234375;0.052777778
119;0.484375;0.872222222;0.02421875;0.05
120;0.48671875;0.873611111;0.0234375;0.051388889000000014
121;0.4875;0.876388889;0.02421875;0.05
122;0.48828125;0.8805555559999999;0.0234375;0.047222222
123;0.48984375;0.881944444;0.0234375;0.051388889000000014
124;0.4921875;0.883796296;0.023958333;0.056481480999999986
125;0.4921875;0.886111111;0.025;0.052777778
126;0.49140625;0.886111111;0.02421875;0.054166667
127;0.49296875;0.886111111;0.02265625;0.055555556
128;0.49375;0.890277778;0.02265625;0.051388889000000014
129;0.497916667;0.893518519;0.0203125;0.055092593
130;0.49921875;0.89537037;0.018229167;0.055555556
131;0.49609375;0.894444444;0.02265625;0.054166667
132;0.4953125;0.894444444;0.02578125;0.052777778
133;0.49921875;0.8986111109999999;0.02109375;0.052777778
134;0.4984375;0.902777778;0.025;0.054166667
135;0.5;0.906944444;0.0234375;0.045833333
136;0.5;0.905555556;0.0234375;0.048611111
137;0.50078125;0.905555556;0.0234375;0.056944444
138;0.5;0.902777778;0.02421875;0.055555556
139;0.50234375;0.904166667;0.0203125;0.056944444
140;0.503125;0.906944444;0.0203125;0.052777778
141;0.5049479170000001;0.909259259;0.0203125;0.059722222
142;0.50546875;0.909722222;0.01953125;0.059259259
143;0.50625;0.912962963;0.019270833;0.055555556
144;0.5067708329999999;0.913425926;0.01875;0.055092593
145;0.508072917;0.914351852;0.0171875;0.057407407
146;0.507552083;0.915740741;0.018229167;0.05787037
147;0.50859375;0.916203704;0.017447917;0.058333333
148;0.50625;0.919444444;0.0203125;0.045833333
149;0.50703125;0.918055556;0.01796875;0.048611111
150;0.51015625;0.918981481;0.015104167;0.056018519
151;0.509895833;0.920833333;0.015625;0.056018519
152;0.510416667;0.921759259;0.015104167;0.056944444
153;0.5106770829999999;0.921759259;0.015364583;0.056944444
154;0.5109375;0.920833333;0.01484375;0.056944444
155;0.510416667;0.919444444;0.015885417;0.056944444
156;0.5111979170000001;0.918981481;0.015625;0.056481480999999986
157;0.511458333;0.918055556;0.016145833000000002;0.053703704000000005
158;0.511458333;0.916666667;0.016666667;0.053240741
159;0.5111979170000001;0.914351852;0.01640625;0.052314815
160;0.51171875;0.9125;0.01796875;0.045833333
161;0.51171875;0.902777778;0.0171875;0.051388889000000014
162;0.51328125;0.901388889;0.01875;0.051388889000000014
163;0.51328125;0.893055556;0.01953125;0.048611111
164;0.5125;0.881944444;0.02109375;0.054166667
165;0.51328125;0.8754629629999999;0.016927083;0.049537037
166;0.51328125;0.863888889;0.0203125;0.045833333
167;0.5140625;0.856944444;0.01953125;0.045833333
168;0.5125;0.8375;0.02109375;0.047222222
169;0.51328125;0.8263888890000001;0.01875;0.044444444000000013
170;0.5125;0.8180555559999999;0.025;0.043055556
171;0.51484375;0.8027777779999999;0.02109375;0.036111111
172;0.5140625;0.7888888890000001;0.01953125;0.040277778
173;0.51484375;0.775925926;0.019270833;0.042592593
174;0.515625;0.7634259259999999;0.01875;0.038888889
175;0.5151041670000001;0.748148148;0.020572917;0.04212963
176;0.517708333;0.7361111109999999;0.017447917;0.037962963
177;0.5151041670000001;0.720833333;0.021614583;0.04537037
178;0.51875;0.7125;0.01796875;0.031944444
179;0.515625;0.694444444;0.02109375;0.044444444000000013
180;0.51796875;0.683333333;0.02109375;0.043055556
181;0.51875;0.669444444;0.01875;0.043055556
182;0.51796875;0.658333333;0.02109375;0.040277778
183;0.51875;0.645833333;0.02265625;0.0375
184;0.5171875;0.633796296;0.024479167000000003;0.039814815
185;0.51875;0.623611111;0.02109375;0.036111111
186;0.521875;0.6083333329999999;0.01953125;0.038888889
187;0.52265625;0.5972222220000001;0.0203125;0.038888889
188;0.52265625;0.584722222;0.0234375;0.038888889
189;0.5239583329999999;0.571296296;0.021354167;0.037962963
190;0.525520833;0.561574074;0.019270833;0.034259259
191;0.52734375;0.548611111;0.0203125;0.0375
192;0.5244791670000001;0.5356481479999999;0.023177083;0.036574074
193;0.525;0.525462963;0.02265625;0.038888889
194;0.528125;0.518055556;0.0203125;0.033333333
195;0.529166667;0.506481481;0.020052083;0.036111111
196;0.52890625;0.492592593;0.023177083;0.041666667
197;0.5283854170000001;0.488425926;0.023697917;0.04212963
198;0.530989583;0.488425926;0.020833333;0.04212963
199;0.532552083;0.491203704;0.0203125;0.041203704
200;0.53125;0.492592593;0.023697917;0.041666667
201;0.5341145829999999;0.4972222220000001;0.02109375;0.040740741
202;0.5341145829999999;0.500925926;0.02109375;0.038888889
203;0.53203125;0.50462963;0.023697917;0.039814815
204;0.5359375;0.5069444439999999;0.020052083;0.040740741
205;0.5359375;0.5097222220000001;0.022135417;0.040277778
206;0.5361979170000001;0.512962963;0.022135417;0.042592593
207;0.540364583;0.513425926;0.018489583;0.044907407
208;0.538802083;0.518981481;0.021614583;0.042592593
209;0.53828125;0.522222222;0.0234375;0.044444444000000013
210;0.536979167;0.525925926;0.0265625;0.042592593
211;0.5395833329999999;0.529166667;0.02421875;0.043055556
212;0.542708333;0.533796296;0.021875;0.04212963
213;0.5434895829999999;0.536111111;0.02265625;0.043055556
214;0.5419270829999999;0.539814815;0.025;0.04212963
215;0.54609375;0.544444444;0.02265625;0.038888889
216;0.54921875;0.548611111;0.01875;0.036111111
217;0.546875;0.548611111;0.02265625;0.045833333
218;0.54765625;0.5527777779999999;0.023177083;0.043055556
219;0.5515625;0.558333333;0.02109375;0.036111111
220;0.55390625;0.561111111;0.01796875;0.0375
221;0.55390625;0.5625;0.01875;0.041666667
222;0.5578125;0.565277778;0.01640625;0.043055556
223;0.5578125;0.5708333329999999;0.0171875;0.0375
224;0.55859375;0.5722222220000001;0.01640625;0.043055556
225;0.559375;0.5791666670000001;0.01875;0.036111111
226;0.559375;0.5791666670000001;0.01875;0.043055556
227;0.56015625;0.582407407;0.019791667;0.04212963
228;0.56171875;0.584722222;0.01953125;0.040277778
229;0.5640625;0.588888889;0.01796875;0.043055556
230;0.56328125;0.591666667;0.01796875;0.038888889
231;0.564583333;0.593981481;0.017708333;0.041666667
232;0.56640625;0.5972222220000001;0.0171875;0.038888889
233;0.565625;0.6;0.01796875;0.038888889
234;0.5671875;0.602314815;0.016927083;0.04212963
235;0.56484375;0.601388889;0.019270833;0.047222222
236;0.563802083;0.60462963;0.021354167;0.047222222
237;0.5640625;0.60787037;0.021354167;0.045833333
238;0.5669270829999999;0.611574074;0.018229167;0.043981481
239;0.567708333;0.614814815;0.017447917;0.040277778
240;0.56640625;0.6166666670000001;0.01875;0.0375
241;0.5671875;0.620833333;0.01796875;0.038888889
242;0.568489583;0.621759259;0.016145833000000002;0.040740741
243;0.56796875;0.623148148;0.01640625;0.04212963
244;0.567708333;0.6254629629999999;0.01640625;0.043981481
245;0.5697916670000001;0.627777778;0.014322917;0.041203704
246;0.5692708329999999;0.629166667;0.015364583;0.04212963
247;0.5674479170000001;0.6310185189999999;0.0171875;0.04537037
248;0.56640625;0.63287037;0.01875;0.044907407
249;0.5658854170000001;0.6347222220000001;0.019010417;0.044444444000000013
250;0.5658854170000001;0.637962963;0.018489583;0.043518519000000006
251;0.5671875;0.6416666670000001;0.01875;0.040277778
252;0.56796875;0.6416666670000001;0.0203125;0.040277778
253;0.5671875;0.6416666670000001;0.0203125;0.044444444000000013
254;0.56640625;0.6416666670000001;0.01953125;0.047222222
255;0.5671875;0.6416666670000001;0.02109375;0.044444444000000013
256;0.5671875;0.643055556;0.01953125;0.045833333
257;0.5671875;0.643055556;0.01953125;0.047222222
258;0.56484375;0.6416666670000001;0.0234375;0.048611111
259;0.56484375;0.643055556;0.025;0.041666667
260;0.565625;0.643055556;0.021875;0.045833333
261;0.565625;0.644444444;0.0234375;0.051388889000000014
262;0.565625;0.644444444;0.02265625;0.048611111
263;0.56796875;0.643055556;0.01796875;0.044444444000000013
264;0.565625;0.638888889;0.021875;0.048611111
265;0.56640625;0.643055556;0.0203125;0.043055556
266;0.565625;0.643055556;0.01875;0.045833333
267;0.565625;0.6416666670000001;0.01875;0.041666667
268;0.5625;0.6375;0.02109375;0.045833333
269;0.56484375;0.638888889;0.01953125;0.044444444000000013
270;0.56328125;0.638888889;0.0203125;0.043055556
271;0.56484375;0.638888889;0.0171875;0.045833333
272;0.56328125;0.6375;0.0203125;0.051388889000000014
273;0.56328125;0.638888889;0.0203125;0.048611111
274;0.5640625;0.638888889;0.01875;0.048611111
275;0.5625;0.6416666670000001;0.021875;0.052777778
276;0.56484375;0.643055556;0.01640625;0.047222222
277;0.56171875;0.644444444;0.0203125;0.045833333
278;0.56171875;0.644444444;0.01953125;0.047222222
279;0.56328125;0.647222222;0.01640625;0.044444444000000013
280;0.56328125;0.65;0.01953125;0.051388889000000014
281;0.56171875;0.65;0.02109375;0.044444444000000013
282;0.56484375;0.651388889;0.01796875;0.043055556
283;0.5640625;0.6527777779999999;0.0171875;0.044444444000000013
284;0.56484375;0.655555556;0.0203125;0.045833333
285;0.56328125;0.6527777779999999;0.02109375;0.048611111
286;0.565625;0.656944444;0.01875;0.045833333
287;0.56640625;0.658333333;0.0203125;0.045833333
288;0.56640625;0.656944444;0.01953125;0.048611111
289;0.5671875;0.6597222220000001;0.0171875;0.047222222
290;0.56953125;0.661111111;0.0203125;0.047222222
291;0.56953125;0.661111111;0.01875;0.044444444000000013
292;0.57109375;0.663888889;0.015625;0.044444444000000013
293;0.57109375;0.6597222220000001;0.01875;0.052777778
294;0.571875;0.661111111;0.01796875;0.047222222
295;0.575;0.666666667;0.01640625;0.045833333
296;0.57421875;0.663888889;0.015625;0.041666667
297;0.5734375;0.666666667;0.021875;0.041666667
298;0.57578125;0.668055556;0.01796875;0.043055556
299;0.57578125;0.665277778;0.0171875;0.045833333
300;0.57734375;0.665277778;0.01953125;0.044444444000000013
301;0.57734375;0.665277778;0.01875;0.047222222
302;0.57734375;0.663888889;0.01875;0.048611111
303;0.58046875;0.669444444;0.0203125;0.045833333
304;0.58203125;0.669444444;0.01953125;0.044444444000000013
305;0.58359375;0.6708333329999999;0.0203125;0.044444444000000013
306;0.58359375;0.666666667;0.01796875;0.047222222
307;0.5828125;0.668055556;0.02109375;0.047222222
308;0.58671875;0.6708333329999999;0.01875;0.041666667
309;0.5875;0.666666667;0.01875;0.044444444000000013
310;0.5875;0.6625;0.01796875;0.051388889000000014
311;0.5875;0.669444444;0.01796875;0.043055556
312;0.5890625;0.666666667;0.01875;0.043055556
313;0.5890625;0.665277778;0.01875;0.043055556
314;0.58984375;0.6597222220000001;0.01796875;0.05
315;0.59140625;0.663888889;0.01640625;0.047222222
316;0.590625;0.6597222220000001;0.01875;0.051388889000000014
317;0.590625;0.6597222220000001;0.0234375;0.05
318;0.59375;0.6597222220000001;0.01796875;0.048611111
319;0.59609375;0.6625;0.0171875;0.045833333
320;0.59375;0.6597222220000001;0.02109375;0.048611111
321;0.59765625;0.658333333;0.01640625;0.047222222
322;0.5984375;0.658333333;0.0171875;0.051388889000000014
323;0.5984375;0.655555556;0.01796875;0.05
324;0.59921875;0.655555556;0.015625;0.048611111
325;0.59921875;0.6527777779999999;0.01875;0.051388889000000014
326;0.60078125;0.654166667;0.01796875;0.047222222
327;0.6;0.654166667;0.01875;0.043055556
328;0.6015625;0.651388889;0.02265625;0.054166667
329;0.5984375;0.6527777779999999;0.02109375;0.043055556
330;0.60234375;0.651388889;0.0203125;0.047222222
331;0.603125;0.648611111;0.02109375;0.051388889000000014
332;0.603125;0.648611111;0.01796875;0.05
333;0.603125;0.645833333;0.01875;0.045833333
334;0.603125;0.643055556;0.0171875;0.05
335;0.603125;0.643055556;0.01484375;0.047222222
336;0.603125;0.6416666670000001;0.01875;0.047222222
337;0.60390625;0.6416666670000001;0.01875;0.045833333
338;0.60546875;0.640277778;0.015625;0.045833333
339;0.60390625;0.6375;0.01484375;0.043055556
340;0.60234375;0.6361111110000001;0.01875;0.051388889000000014
341;0.60234375;0.6333333329999999;0.02265625;0.051388889000000014
342;0.60078125;0.630555556;0.01796875;0.047222222
343;0.603125;0.629166667;0.01484375;0.043055556
344;0.603125;0.625;0.015625;0.05
345;0.60234375;0.627777778;0.01875;0.045833333
346;0.60078125;0.623611111;0.01796875;0.043055556
347;0.603125;0.620833333;0.015625;0.051388889000000014
348;0.60546875;0.622222222;0.01484375;0.054166667
349;0.603125;0.620833333;0.0171875;0.048611111
350;0.603125;0.6180555560000001;0.0171875;0.048611111
351;0.6046875;0.619444444;0.01640625;0.048611111
352;0.60234375;0.6180555560000001;0.01796875;0.041666667
353;0.603125;0.611111111;0.01640625;0.047222222
354;0.60390625;0.6138888889999999;0.0171875;0.045833333
355;0.60234375;0.609722222;0.01875;0.05
356;0.603125;0.611111111;0.015625;0.043055556
357;0.603125;0.6083333329999999;0.0171875;0.041666667
358;0.6015625;0.604166667;0.01875;0.048611111
359;0.6015625;0.604166667;0.0203125;0.044444444000000013
360;0.60078125;0.595833333;0.01875;0.054166667
361;0.6015625;0.598611111;0.01875;0.05
362;0.60078125;0.595833333;0.01875;0.05
363;0.6;0.593055556;0.01875;0.052777778
364;0.59921875;0.594444444;0.02109375;0.045833333
365;0.59765625;0.591666667;0.02109375;0.051388889000000014
366;0.59765625;0.5902777779999999;0.02109375;0.052777778
367;0.59609375;0.5875;0.02265625;0.051388889000000014
368;0.596875;0.5875;0.02109375;0.054166667
369;0.59453125;0.583333333;0.02265625;0.054166667
370;0.596875;0.584722222;0.01953125;0.055555556
371;0.59453125;0.580555556;0.02109375;0.055555556
372;0.59453125;0.580555556;0.0234375;0.055555556
373;0.59375;0.576388889;0.021875;0.056944444
374;0.59140625;0.5722222220000001;0.0234375;0.058333333
375;0.59296875;0.575;0.021875;0.055555556
376;0.59375;0.5722222220000001;0.01953125;0.055555556
377;0.59140625;0.5694444439999999;0.0203125;0.05
378;0.59140625;0.575;0.01953125;0.048611111
379;0.59140625;0.5708333329999999;0.02109375;0.052777778
380;0.58984375;0.5708333329999999;0.02109375;0.048611111
381;0.5875;0.568055556;0.021875;0.052777778
382;0.5875;0.568055556;0.0234375;0.051388889000000014
383;0.5859375;0.5722222220000001;0.0234375;0.047222222
384;0.58671875;0.5708333329999999;0.01953125;0.045833333
385;0.58203125;0.568055556;0.02578125;0.041666667
386;0.5828125;0.565277778;0.0234375;0.043055556
387;0.58046875;0.565277778;0.021875;0.048611111
388;0.57890625;0.563888889;0.021875;0.044444444000000013
389;0.57734375;0.563888889;0.02109375;0.044444444000000013
390;0.57578125;0.561111111;0.02109375;0.041666667
391;0.575;0.5625;0.02265625;0.047222222
392;0.57265625;0.563888889;0.02109375;0.044444444000000013
393;0.5703125;0.5625;0.02109375;0.045833333
394;0.5703125;0.559722222;0.01796875;0.048611111
395;0.565625;0.561111111;0.02109375;0.043055556
396;0.565625;0.556944444;0.01953125;0.048611111
397;0.5640625;0.556944444;0.01875;0.045833333
398;0.56328125;0.559722222;0.01875;0.044444444000000013
399;0.56171875;0.558333333;0.01875;0.045833333
400;0.55625;0.558333333;0.02109375;0.044444444000000013
401;0.54765625;0.558333333;0.03046875;0.045833333
402;0.55625;0.559722222;0.01796875;0.040277778
403;0.55234375;0.556944444;0.01953125;0.043055556
404;0.5484375;0.5555555560000001;0.021875;0.043055556
405;0.5453125;0.5555555560000001;0.0234375;0.043055556
406;0.5484375;0.5541666670000001;0.01796875;0.047222222
407;0.54140625;0.5555555560000001;0.02265625;0.043055556
408;0.54140625;0.556944444;0.0234375;0.041666667
409;0.540625;0.5541666670000001;0.021875;0.043055556
410;0.5390625;0.5527777779999999;0.01875;0.043055556
411;0.5390625;0.5555555560000001;0.01796875;0.040277778
412;0.5390625;0.5527777779999999;0.01484375;0.040277778
413;0.5359375;0.5513888889999999;0.01953125;0.048611111
414;0.53359375;0.5513888889999999;0.02109375;0.051388889000000014
415;0.53203125;0.5541666670000001;0.0203125;0.047222222
416;0.52890625;0.548611111;0.02109375;0.048611111
417;0.53125;0.55;0.01953125;0.05
418;0.52578125;0.547222222;0.0234375;0.054166667
419;0.5234375;0.544444444;0.025;0.05
420;0.52421875;0.544444444;0.021875;0.051388889000000014
421;0.52265625;0.548611111;0.02578125;0.048611111
422;0.52265625;0.55;0.025;0.043055556
423;0.525;0.548611111;0.01953125;0.051388889000000014
424;0.5203125;0.544444444;0.021875;0.048611111
425;0.51953125;0.544444444;0.0234375;0.052777778
426;0.51953125;0.544444444;0.0203125;0.047222222
427;0.51796875;0.543055556;0.021875;0.054166667
428;0.515625;0.544444444;0.02421875;0.05
429;0.5171875;0.5458333329999999;0.02421875;0.048611111
430;0.51953125;0.541666667;0.01953125;0.051388889000000014
431;0.52109375;0.541666667;0.01953125;0.055555556
432;0.5203125;0.540277778;0.01953125;0.056944444
433;0.521875;0.540277778;0.0203125;0.058333333
434;0.52265625;0.541666667;0.0171875;0.051388889000000014
435;0.521875;0.5375;0.01875;0.054166667
436;0.52578125;0.538888889;0.0171875;0.054166667
437;0.52578125;0.533333333;0.01640625;0.058333333
438;0.52578125;0.533333333;0.01953125;0.055555556
439;0.528125;0.533333333;0.01796875;0.058333333
440;0.52734375;0.533333333;0.01953125;0.056944444
441;0.5296875;0.5347222220000001;0.01875;0.051388889000000014
442;0.53046875;0.531944444;0.01875;0.056944444
443;0.53203125;0.530555556;0.01796875;0.054166667
444;0.53359375;0.530555556;0.01640625;0.051388889000000014
445;0.53671875;0.531944444;0.015625;0.054166667
446;0.53828125;0.530555556;0.015625;0.052777778
447;0.53828125;0.529166667;0.015625;0.05
448;0.53984375;0.530555556;0.0171875;0.051388889000000014
449;0.540625;0.529166667;0.01796875;0.052777778
450;0.5421875;0.529166667;0.0171875;0.05
451;0.5453125;0.529166667;0.01484375;0.054166667
452;0.54609375;0.526388889;0.015625;0.061111111
453;0.54609375;0.529166667;0.0203125;0.047222222
454;0.54765625;0.523611111;0.01796875;0.052777778
455;0.55078125;0.526388889;0.0171875;0.048611111
456;0.55234375;0.525;0.01796875;0.052777778
457;0.553125;0.5277777779999999;0.01875;0.044444444000000013
458;0.553125;0.525;0.01953125;0.047222222
459;0.55625;0.526388889;0.01796875;0.044444444000000013
460;0.55625;0.523611111;0.01953125;0.047222222
461;0.559375;0.522222222;0.01875;0.052777778
462;0.56171875;0.519444444;0.01796875;0.05
463;0.5609375;0.519444444;0.01796875;0.048611111
464;0.56171875;0.519444444;0.0203125;0.047222222
465;0.56484375;0.519444444;0.021875;0.047222222
466;0.56484375;0.519444444;0.021875;0.048611111
467;0.56953125;0.519444444;0.01796875;0.045833333
468;0.56796875;0.513888889;0.021875;0.05
469;0.571875;0.513888889;0.01953125;0.054166667
470;0.57265625;0.5111111110000001;0.0171875;0.044444444000000013
471;0.5734375;0.5097222220000001;0.01953125;0.047222222
472;0.575;0.5111111110000001;0.01953125;0.044444444000000013
473;0.5765625;0.5097222220000001;0.01875;0.043055556
474;0.57734375;0.505555556;0.01640625;0.05
475;0.578125;0.5083333329999999;0.0203125;0.047222222
476;0.58046875;0.505555556;0.01640625;0.047222222
477;0.58046875;0.5069444439999999;0.01796875;0.044444444000000013
478;0.5828125;0.502777778;0.01796875;0.048611111
479;0.58359375;0.501388889;0.015625;0.044444444000000013
480;0.584375;0.498611111;0.0171875;0.048611111
481;0.58671875;0.504166667;0.01484375;0.038888889
482;0.58515625;0.495833333;0.0203125;0.047222222
483;0.5875;0.5;0.01875;0.040277778
484;0.58671875;0.495833333;0.01953125;0.041666667
485;0.58828125;0.493055556;0.02109375;0.040277778
486;0.58984375;0.494444444;0.01875;0.040277778
487;0.5890625;0.486111111;0.01875;0.045833333
488;0.59140625;0.486111111;0.01796875;0.038888889
489;0.59375;0.483333333;0.01484375;0.040277778
490;0.59609375;0.483333333;0.0140625;0.038888889
491;0.59375;0.480555556;0.0171875;0.041666667
492;0.59453125;0.4791666670000001;0.01953125;0.048611111
493;0.59296875;0.475;0.021875;0.045833333
494;0.596875;0.472222222;0.0171875;0.040277778
495;0.596875;0.473611111;0.01953125;0.036111111
496;0.59765625;0.470833333;0.0203125;0.038888889
497;0.59921875;0.469444444;0.0171875;0.038888889
498;0.6;0.465277778;0.01796875;0.043055556
499;0.6;0.466666667;0.01796875;0.0375
500;0.59921875;0.459722222;0.01953125;0.041666667
501;0.59921875;0.459722222;0.02109375;0.043055556
502;0.59921875;0.459722222;0.02265625;0.041666667
503;0.60234375;0.459722222;0.01953125;0.044444444000000013
504;0.60078125;0.458333333;0.021875;0.044444444000000013
505;0.6015625;0.458333333;0.0234375;0.041666667
506;0.60390625;0.454166667;0.021875;0.047222222
507;0.6046875;0.451388889;0.01953125;0.045833333
508;0.60234375;0.448611111;0.02421875;0.052777778
509;0.6046875;0.451388889;0.0203125;0.041666667
510;0.60546875;0.45;0.021875;0.047222222
511;0.60625;0.448611111;0.0203125;0.047222222
512;0.6078125;0.447222222;0.021875;0.052777778
513;0.60703125;0.447222222;0.0203125;0.044444444000000013
514;0.609375;0.443055556;0.02109375;0.051388889000000014
515;0.60859375;0.447222222;0.02109375;0.045833333
516;0.61171875;0.448611111;0.0203125;0.044444444000000013
517;0.6125;0.447222222;0.01953125;0.048611111
518;0.61328125;0.441666667;0.01796875;0.054166667
519;0.61484375;0.441666667;0.01875;0.05
520;0.61484375;0.444444444;0.0203125;0.044444444000000013
521;0.61484375;0.440277778;0.0171875;0.052777778
522;0.61484375;0.445833333;0.0203125;0.044444444000000013
523;0.61640625;0.445833333;0.0234375;0.048611111
524;0.61796875;0.445833333;0.01953125;0.045833333
525;0.61796875;0.443055556;0.01796875;0.051388889000000014
526;0.61640625;0.440277778;0.01796875;0.055555556
527;0.61875;0.441666667;0.01875;0.05
528;0.61953125;0.445833333;0.019270833;0.053703704000000005
529;0.6203125;0.44537037;0.019010417;0.054166667
530;0.619791667;0.446759259;0.019791667;0.054166667
531;0.6200520829999999;0.447222222;0.019791667;0.05462963
532;0.6205729170000001;0.447685185;0.019791667;0.055092593
533;0.620833333;0.448148148;0.0203125;0.056481480999999986
534;0.6205729170000001;0.449074074;0.020572917;0.055555556
535;0.621875;0.450925926;0.019791667;0.05462963
536;0.621875;0.450925926;0.0203125;0.055555556
537;0.622395833;0.450925926;0.0203125;0.057407407
538;0.621354167;0.451388889;0.022395833;0.060185185
539;0.6234375;0.451388889;0.0203125;0.058333333
540;0.621875;0.452777778;0.0203125;0.054166667
541;0.622916667;0.454166667;0.022135417;0.060648148
542;0.6265625;0.455555556;0.01796875;0.059722222
543;0.62265625;0.45;0.02109375;0.063888889
544;0.62421875;0.458333333;0.0234375;0.056944444
545;0.624739583;0.458333333;0.021354167;0.056944444
546;0.62578125;0.456944444;0.02109375;0.061111111
547;0.62734375;0.4625;0.019791667;0.053703704000000005
548;0.627083333;0.464351852;0.02109375;0.05462963
549;0.6296875;0.471296296;0.01796875;0.056944444
550;0.62890625;0.477314815;0.020052083;0.056018519
551;0.628645833;0.483333333;0.022395833;0.05787037
552;0.6299479170000001;0.49212963;0.022135417;0.054166667
553;0.6299479170000001;0.498611111;0.020833333;0.056481480999999986
554;0.631510417;0.50787037;0.021354167;0.055555556
555;0.6333333329999999;0.515277778;0.020572917;0.056018519
556;0.6338541670000001;0.522222222;0.02109375;0.055092593
557;0.636979167;0.531481481;0.01875;0.055092593
558;0.636458333;0.541666667;0.0203125;0.056018519
559;0.638541667;0.55;0.01953125;0.054166667
560;0.638020833;0.5564814810000001;0.020833333;0.054166667
561;0.638541667;0.557407407;0.020572917;0.05462963
562;0.640885417;0.557407407;0.01953125;0.05462963
563;0.6421875;0.556944444;0.019010417;0.055555556
564;0.6434895829999999;0.5564814810000001;0.018489583;0.056944444
565;0.64375;0.558333333;0.01875;0.055555556
566;0.646354167;0.558333333;0.018229167;0.053703704000000005
567;0.646875;0.558333333;0.019010417;0.056018519
568;0.6473958329999999;0.559722222;0.01953125;0.05462963
569;0.650260417;0.558796296;0.01953125;0.053240741
570;0.65078125;0.558333333;0.020052083;0.056481480999999986
571;0.6518229170000001;0.558333333;0.020572917;0.056944444
572;0.6528645829999999;0.559259259;0.0203125;0.056018519
573;0.653645833;0.559259259;0.0203125;0.056944444
574;0.653645833;0.560185185;0.021614583;0.055555556
575;0.65625;0.559722222;0.0203125;0.056018519
576;0.6578125;0.560648148;0.020052083;0.056018519
577;0.6591145829999999;0.5625;0.01953125;0.05462963
578;0.662239583;0.563888889;0.018229167;0.053703704000000005
579;0.661979167;0.563425926;0.020052083;0.055092593
580;0.664322917;0.563888889;0.019010417;0.05462963
581;0.66640625;0.563425926;0.01875;0.055092593
582;0.667708333;0.564351852;0.01875;0.053703704000000005
583;0.66875;0.564814815;0.019270833;0.052777778
584;0.6703125;0.564351852;0.01875;0.056944444
585;0.66953125;0.565740741;0.020572917;0.056944444
586;0.6708333329999999;0.566203704;0.020833333;0.057407407
587;0.6734375;0.56712963;0.019270833;0.056481480999999986
588;0.6747395829999999;0.5685185189999999;0.01953125;0.057407407
589;0.675520833;0.57037037;0.020572917;0.055555556
590;0.677083333;0.57037037;0.020833333;0.056481480999999986
591;0.6791666670000001;0.571759259;0.020572917;0.054166667
592;0.680989583;0.573148148;0.019791667;0.053240741
593;0.683333333;0.5736111110000001;0.019270833;0.052777778
594;0.685416667;0.575462963;0.018489583;0.051388889000000014
595;0.686197917;0.576388889;0.019270833;0.050462963
596;0.687760417;0.575462963;0.018229167;0.051388889000000014
597;0.68984375;0.575;0.0171875;0.052777778
598;0.691145833;0.575925926;0.017447917;0.052314815
599;0.6924479170000001;0.575462963;0.016927083;0.053703704000000005
600;0.693229167;0.575462963;0.016666667;0.052777778
601;0.69453125;0.576388889;0.015625;0.048611111
602;0.695572917;0.576851852;0.015625;0.051388889000000014
603;0.695572917;0.576388889;0.015885417;0.050925926
604;0.6958333329999999;0.575925926;0.015364583;0.049537037
605;0.6963541670000001;0.575925926;0.014583333;0.048611111
606;0.695572917;0.575462963;0.01484375;0.048611111
607;0.69453125;0.575;0.015364583;0.049074074
608;0.69140625;0.576388889;0.0203125;0.051388889000000014
609;0.694010417;0.574537037;0.014583333;0.047222222
610;0.693489583;0.574537037;0.013541667;0.040740741
611;0.689583333;0.572685185;0.01796875;0.046296296
612;0.6885416670000001;0.5722222220000001;0.016666667;0.043981481
613;0.6875;0.568055556;0.01796875;0.043055556
614;0.6859375;0.5694444439999999;0.01640625;0.041666667
615;0.6825520829999999;0.566666667;0.020833333;0.046296296
616;0.681770833;0.565740741;0.019270833;0.043518519000000006
617;0.6807291670000001;0.563888889;0.016666667;0.04212963
618;0.6802083329999999;0.561574074;0.015885417;0.041666667
619;0.6786458329999999;0.560648148;0.015364583;0.041203704
620;0.676041667;0.558796296;0.016666667;0.041666667
621;0.673958333;0.5564814810000001;0.018229167;0.044907407
622;0.671875;0.555092593;0.01796875;0.042592593
623;0.67109375;0.5527777779999999;0.016145833000000002;0.040277778
624;0.66796875;0.550925926;0.019270833;0.043055556
625;0.6645833329999999;0.549074074;0.021354167;0.043518519000000006
626;0.663802083;0.546759259;0.019010417;0.042592593
627;0.661979167;0.543055556;0.016145833000000002;0.043981481
628;0.6572916670000001;0.543518519;0.018489583;0.043518519000000006
629;0.65390625;0.540740741;0.019270833;0.043055556
630;0.651041667;0.538888889;0.01953125;0.041666667
631;0.6484375;0.535185185;0.0171875;0.04212963
632;0.64765625;0.53287037;0.015625;0.043518519000000006
633;0.64296875;0.531944444;0.017708333;0.043055556
634;0.6395833329999999;0.5277777779999999;0.017708333;0.04537037
635;0.636458333;0.526388889;0.016927083;0.043518519000000006
636;0.6322916670000001;0.522685185;0.0171875;0.043981481
637;0.6296875;0.520833333;0.015364583;0.042592593
638;0.6239583329999999;0.52037037;0.01796875;0.042592593
639;0.619791667;0.518055556;0.019010417;0.04537037
640;0.6182291670000001;0.5162037039999999;0.015104167;0.044444444000000013
641;0.6122395829999999;0.514814815;0.016927083;0.043055556
642;0.608072917;0.513888889;0.017447917;0.043518519000000006
643;0.6046875;0.510648148;0.01875;0.046759259
644;0.601302083;0.508796296;0.017708333;0.045833333
645;0.597916667;0.5069444439999999;0.0171875;0.045833333
646;0.593489583;0.5069444439999999;0.019010417;0.046296296
647;0.591666667;0.506481481;0.018229167;0.046759259
648;0.5888020829999999;0.5060185189999999;0.017447917;0.04537037
649;0.5848958329999999;0.50462963;0.016927083;0.043981481
650;0.58203125;0.502314815;0.016927083;0.046759259
651;0.578125;0.502777778;0.01796875;0.045833333
652;0.5747395829999999;0.503703704;0.019270833;0.043518519000000006
653;0.571875;0.501851852;0.01953125;0.04537037
654;0.570572917;0.5004629629999999;0.016666667;0.04537037
655;0.567708333;0.5004629629999999;0.01796875;0.044907407
656;0.566666667;0.5;0.016927083;0.046296296
657;0.563802083;0.501851852;0.01796875;0.044907407
658;0.5625;0.501388889;0.01796875;0.04537037
659;0.5596354170000001;0.502777778;0.019791667;0.043981481
660;0.558854167;0.50462963;0.01875;0.044444444000000013
661;0.5591145829999999;0.504166667;0.016666667;0.044907407
662;0.5578125;0.503703704;0.015625;0.043981481
663;0.556770833;0.50462963;0.015885417;0.04212963
664;0.5557291670000001;0.5060185189999999;0.016145833000000002;0.043518519000000006
665;0.5541666670000001;0.505092593;0.01640625;0.043518519000000006
666;0.553125;0.505092593;0.016145833000000002;0.045833333
667;0.55234375;0.50462963;0.015625;0.047222222
668;0.55078125;0.505092593;0.016666667;0.048611111
669;0.5497395829999999;0.505555556;0.0171875;0.049074074
670;0.54921875;0.507407407;0.016927083;0.047685185
671;0.548177083;0.509259259;0.016927083;0.048148148
672;0.548958333;0.510648148;0.014322917;0.048611111
673;0.548177083;0.512962963;0.015364583;0.044907407
674;0.546875;0.513425926;0.017447917;0.048148148
675;0.5463541670000001;0.514814815;0.016927083;0.046759259
676;0.5463541670000001;0.51712963;0.015885417;0.046759259
677;0.54609375;0.518055556;0.01640625;0.046759259
678;0.545052083;0.519907407;0.01640625;0.046296296
679;0.54453125;0.519907407;0.016927083;0.046296296
680;0.545052083;0.520833333;0.015885417;0.044907407
681;0.54453125;0.519444444;0.016145833000000002;0.049537037
682;0.54375;0.521296296;0.016927083;0.05
683;0.544270833;0.524074074;0.015885417;0.05
684;0.5440104170000001;0.526388889;0.015104167;0.049074074
685;0.54453125;0.5277777779999999;0.014322917;0.047685185
686;0.544270833;0.529166667;0.014583333;0.047222222
687;0.54140625;0.530555556;0.0171875;0.041666667
688;0.54375;0.533333333;0.014322917;0.047222222
689;0.54296875;0.533333333;0.015104167;0.047685185
690;0.54296875;0.5342592589999999;0.014322917;0.046296296
691;0.5424479170000001;0.5347222220000001;0.0140625;0.047685185
692;0.5419270829999999;0.536574074;0.01484375;0.047222222
693;0.5421875;0.5375;0.014583333;0.048611111
694;0.54140625;0.539351852;0.015885417;0.047685185
695;0.540885417;0.539814815;0.016666667;0.05
696;0.538802083;0.541666667;0.01875;0.048611111
697;0.541145833;0.541666667;0.015364583;0.049537037
698;0.540625;0.54212963;0.015625;0.050462963
699;0.540625;0.543518519;0.015364583;0.049537037
700;0.541145833;0.544444444;0.01484375;0.05
701;0.540885417;0.54537037;0.01484375;0.049074074
702;0.540885417;0.546759259;0.015104167;0.048611111
703;0.5401041670000001;0.547685185;0.01640625;0.049537037
704;0.539322917;0.548148148;0.016927083;0.048611111
705;0.53984375;0.548148148;0.016145833000000002;0.049074074
706;0.5395833329999999;0.548148148;0.016666667;0.049537037
707;0.541666667;0.548148148;0.0140625;0.049537037
708;0.54140625;0.548611111;0.014322917;0.050462963
709;0.541666667;0.549074074;0.0140625;0.050462963
710;0.54140625;0.549537037;0.01484375;0.049537037
711;0.5419270829999999;0.549537037;0.014583333;0.049537037
712;0.5419270829999999;0.549074074;0.014583333;0.050925926
713;0.5419270829999999;0.549074074;0.014583333;0.051388889000000014
714;0.5419270829999999;0.548148148;0.01484375;0.051388889000000014
715;0.543229167;0.548148148;0.013541667;0.049074074
716;0.5421875;0.548148148;0.015104167;0.046759259
717;0.5421875;0.546759259;0.015625;0.046296296
718;0.5421875;0.544444444;0.016145833000000002;0.048148148
719;0.541666667;0.54212963;0.0171875;0.047685185
720;0.5424479170000001;0.539814815;0.016145833000000002;0.047685185
721;0.54296875;0.5375;0.015625;0.046296296
722;0.54296875;0.535185185;0.01640625;0.046296296
723;0.54375;0.533796296;0.015885417;0.044907407
724;0.542708333;0.530555556;0.01640625;0.046759259
725;0.542708333;0.528703704;0.016927083;0.044444444000000013
726;0.544270833;0.523611111;0.015364583;0.045833333
727;0.544270833;0.521296296;0.015885417;0.044907407
728;0.544270833;0.520833333;0.016666667;0.043518519000000006
729;0.54453125;0.518981481;0.016927083;0.044907407
730;0.545572917;0.5175925929999999;0.01640625;0.044907407
731;0.54765625;0.515740741;0.01484375;0.047222222
732;0.54609375;0.514351852;0.016927083;0.047685185
733;0.548177083;0.513425926;0.015104167;0.047685185
734;0.5484375;0.513888889;0.015364583;0.046296296
735;0.5484375;0.5125;0.015625;0.047685185
736;0.546875;0.512037037;0.017708333;0.047685185
737;0.550520833;0.510648148;0.014322917;0.048148148
738;0.551041667;0.509259259;0.014322917;0.044907407
739;0.551041667;0.509259259;0.015104167;0.046759259
740;0.5536458329999999;0.507407407;0.012760417;0.043981481
741;0.552864583;0.507407407;0.014583333;0.043055556
742;0.552083333;0.506481481;0.015885417;0.044907407
743;0.553385417;0.505555556;0.015104167;0.043518519000000006
744;0.554947917;0.503703704;0.013802083;0.043981481
745;0.55625;0.502314815;0.013541667;0.043055556
746;0.556510417;0.5004629629999999;0.013541667;0.044444444000000013
747;0.557291667;0.5;0.01328125;0.043981481
748;0.5575520829999999;0.5;0.013541667;0.044444444000000013
749;0.558333333;0.499074074;0.013541667;0.043981481
750;0.559895833;0.495833333;0.013020833;0.04537037
751;0.559895833;0.494444444;0.014583333;0.04537037
752;0.56171875;0.493055556;0.012760417;0.043518519000000006
753;0.5625;0.492592593;0.012760417;0.043055556
754;0.5635416670000001;0.49212963;0.012239583;0.04212963
755;0.5635416670000001;0.490277778;0.013020833;0.040740741
756;0.564583333;0.487962963;0.013541667;0.045833333
757;0.56484375;0.4875;0.013802083;0.043055556
758;0.5658854170000001;0.485648148;0.013541667;0.042592593
759;0.566145833;0.484722222;0.013802083;0.043518519000000006
760;0.568229167;0.484722222;0.011979167;0.041203704
761;0.569010417;0.482407407;0.012239583;0.041203704
762;0.568489583;0.481481481;0.01328125;0.039351852
763;0.568489583;0.480555556;0.014322917;0.040740741
764;0.5697916670000001;0.480555556;0.013541667;0.039814815
765;0.5697916670000001;0.480092593;0.0140625;0.0375
766;0.5708333329999999;0.4791666670000001;0.013802083;0.037962963
767;0.57265625;0.47962963;0.012239583;0.036574074
768;0.5736979170000001;0.4791666670000001;0.013020833;0.035185185
769;0.5736979170000001;0.478240741;0.01328125;0.037037037
770;0.5747395829999999;0.478703704;0.0140625;0.035648148
771;0.575;0.477777778;0.014322917;0.034722222000000004
772;0.57421875;0.473611111;0.0140625;0.036111111
773;0.5765625;0.475925926;0.0140625;0.037037037
774;0.5770833329999999;0.476851852;0.014583333;0.034259259
775;0.57578125;0.477777778;0.015625;0.029166667
776;0.578125;0.476388889;0.0140625;0.031944444
777;0.5796875;0.475;0.01015625;0.030555556
778;0.578125;0.472222222;0.0140625;0.036111111
779;0.57890625;0.473611111;0.0125;0.031944444
780;0.58046875;0.473611111;0.01328125;0.033333333
781;0.58046875;0.476388889;0.01328125;0.033333333
782;0.58046875;0.475;0.01328125;0.027777778
783;0.58203125;0.473611111;0.01015625;0.027777778
784;0.58203125;0.472222222;0.0109375;0.030555556
785;0.58125;0.475;0.0140625;0.029166667
786;0.583333333;0.475;0.015885417;0.035185185
787;0.5828125;0.473611111;0.0125;0.027777778
788;0.58515625;0.476388889;0.01015625;0.026388889
789;0.5854166670000001;0.476388889;0.0140625;0.03287037
790;0.58515625;0.4791666670000001;0.01171875;0.029166667
791;0.5859375;0.476388889;0.0140625;0.033333333
792;0.5859375;0.480555556;0.0125;0.026388889
793;0.587760417;0.477314815;0.013541667;0.033333333
794;0.587760417;0.478703704;0.0140625;0.033796296
795;0.588541667;0.478240741;0.013802083;0.033796296
796;0.5890625;0.480555556;0.014322917;0.030555556
797;0.5859375;0.476388889;0.01484375;0.034722222000000004
798;0.58984375;0.480092593;0.014583333;0.031944444
799;0.58984375;0.480092593;0.015625;0.03287037
800;0.590625;0.480092593;0.01484375;0.03287037
801;0.58984375;0.480555556;0.01171875;0.031944444
802;0.5890625;0.480555556;0.01328125;0.031944444
803;0.590625;0.477777778;0.0125;0.0375
804;0.58984375;0.4791666670000001;0.01484375;0.036111111
805;0.590625;0.480555556;0.0125;0.033333333
806;0.59140625;0.4791666670000001;0.01171875;0.036111111
807;0.5921875;0.482407407;0.0140625;0.034722222000000004
808;0.591927083;0.481944444;0.015364583;0.035648148
809;0.591927083;0.48287037;0.015364583;0.036111111
810;0.592447917;0.483796296;0.014583333;0.035648148
811;0.591927083;0.484259259;0.014322917;0.034722222000000004
812;0.59140625;0.485648148;0.014583333;0.034722222000000004
813;0.591666667;0.486111111;0.015104167;0.034722222000000004
814;0.5908854170000001;0.486574074;0.015364583;0.034259259
815;0.5890625;0.483333333;0.01328125;0.034722222000000004
816;0.58984375;0.486111111;0.0140625;0.035185185
817;0.5890625;0.485648148;0.013541667;0.035185185
818;0.587760417;0.485648148;0.014583333;0.034722222000000004
819;0.588020833;0.485185185;0.012239583;0.034722222000000004
820;0.5864583329999999;0.486111111;0.01328125;0.034259259
821;0.585677083;0.486111111;0.0125;0.033796296
822;0.584114583;0.486111111;0.013802083;0.033796296
823;0.582291667;0.486574074;0.014322917;0.034259259
824;0.5815104170000001;0.486111111;0.013020833;0.034722222000000004
825;0.579427083;0.487037037;0.014322917;0.034259259
826;0.5770833329999999;0.4875;0.015364583;0.03287037
827;0.576822917;0.487037037;0.013802083;0.033796296
828;0.575;0.487962963;0.014583333;0.034259259
829;0.5734375;0.4875;0.0140625;0.033333333
830;0.5734375;0.488888889;0.0140625;0.033333333
831;0.5734375;0.4875;0.0125;0.031944444
832;0.57265625;0.4875;0.0125;0.034722222000000004
833;0.5703125;0.4875;0.0140625;0.033333333
834;0.56875;0.488888889;0.0171875;0.033333333
835;0.56953125;0.486111111;0.0140625;0.036111111
836;0.56953125;0.486111111;0.011979167;0.033333333
837;0.568489583;0.486111111;0.012760417;0.034259259
838;0.5674479170000001;0.486574074;0.0125;0.034259259
839;0.566145833;0.4875;0.012760417;0.035185185
840;0.5653645829999999;0.486574074;0.012760417;0.036574074
841;0.5640625;0.487037037;0.014322917;0.036574074
842;0.5635416670000001;0.4875;0.013802083;0.035185185
843;0.5625;0.4875;0.0140625;0.034259259
844;0.56171875;0.488888889;0.0140625;0.034722222000000004
845;0.56171875;0.488888889;0.0140625;0.034722222000000004
846;0.559895833;0.4875;0.014322917;0.035185185
847;0.5578125;0.486111111;0.01640625;0.034722222000000004
848;0.55859375;0.490277778;0.01484375;0.034722222000000004
849;0.55703125;0.488888889;0.0171875;0.034722222000000004
850;0.55703125;0.4875;0.01640625;0.0375
851;0.55703125;0.488888889;0.0140625;0.031944444
852;0.55546875;0.488888889;0.01640625;0.034722222000000004
853;0.55625;0.488888889;0.01484375;0.036111111
854;0.55546875;0.488888889;0.01640625;0.034722222000000004
855;0.55625;0.489351852;0.01171875;0.033333333
856;0.55625;0.490740741;0.0109375;0.031944444
857;0.555989583;0.4916666670000001;0.010677083;0.02962963
858;0.554947917;0.4916666670000001;0.01171875;0.032407407
859;0.5552083329999999;0.4916666670000001;0.01015625;0.029166667
860;0.554427083;0.492592593;0.011197917;0.031018519
861;0.5536458329999999;0.49212963;0.01171875;0.030555556
862;0.553385417;0.492592593;0.011979167;0.031018519
863;0.553125;0.493518519;0.01171875;0.028703704
864;0.552864583;0.493055556;0.011197917;0.030555556
865;0.5513020829999999;0.493518519;0.01171875;0.031944444
866;0.551041667;0.493518519;0.011979167;0.03287037
867;0.54921875;0.494444444;0.01328125;0.031944444
868;0.54765625;0.494444444;0.015625;0.027777778
869;0.54765625;0.493055556;0.01171875;0.030555556
870;0.548697917;0.49537037;0.0125;0.03287037
871;0.5479166670000001;0.495833333;0.0125;0.03287037
872;0.547135417;0.496759259;0.013020833;0.03287037
873;0.546875;0.498611111;0.0109375;0.027777778
874;0.54609375;0.496759259;0.012760417;0.031481481
875;0.546875;0.5;0.0109375;0.029166667
876;0.5453125;0.498611111;0.0109375;0.027777778
877;0.54375;0.5;0.01171875;0.029166667
878;0.54375;0.5;0.009375;0.022222222000000003
879;0.54453125;0.502777778;0.01015625;0.023611111
880;0.54453125;0.501388889;0.01015625;0.023611111
881;0.5421875;0.497685185;0.0125;0.034259259
882;0.54140625;0.497685185;0.01328125;0.035648148
883;0.5419270829999999;0.498611111;0.0125;0.034722222000000004
884;0.540625;0.497685185;0.01328125;0.037037037
885;0.541145833;0.498148148;0.011979167;0.035185185
886;0.5401041670000001;0.497685185;0.013020833;0.036574074
887;0.5395833329999999;0.499074074;0.012760417;0.035185185
888;0.538802083;0.5004629629999999;0.013020833;0.034259259
889;0.5375;0.501388889;0.0140625;0.033796296
890;0.53828125;0.501851852;0.012760417;0.033796296
891;0.5375;0.501851852;0.013020833;0.033796296
892;0.5359375;0.502777778;0.014583333;0.033333333
893;0.5341145829999999;0.503240741;0.01640625;0.035185185
894;0.53515625;0.503703704;0.014322917;0.035185185
895;0.5317708329999999;0.503240741;0.018229167;0.0375
896;0.53359375;0.504166667;0.01484375;0.036111111
897;0.53359375;0.502777778;0.0125;0.031944444
898;0.53203125;0.5069444439999999;0.0125;0.027777778
899;0.53359375;0.5083333329999999;0.0140625;0.027777778
900;0.53359375;0.5069444439999999;0.012239583;0.033796296
901;0.53046875;0.5083333329999999;0.0171875;0.029166667
902;0.5328125;0.507407407;0.011979167;0.034722222000000004
903;0.532552083;0.507407407;0.012239583;0.033333333
904;0.5328125;0.5069444439999999;0.0125;0.033333333
905;0.53046875;0.504166667;0.0125;0.034722222000000004
906;0.53046875;0.5069444439999999;0.0125;0.034722222000000004
907;0.53125;0.509259259;0.011979167;0.034722222000000004
908;0.5307291670000001;0.509259259;0.011458333;0.036111111
909;0.530989583;0.509259259;0.010416667;0.035185185
910;0.529427083;0.5097222220000001;0.0125;0.035185185
911;0.529427083;0.510185185;0.011458333;0.036111111
912;0.529947917;0.510648148;0.011197917;0.034259259
913;0.528645833;0.5111111110000001;0.01171875;0.035185185
914;0.52890625;0.511574074;0.010416667;0.034722222000000004
915;0.52734375;0.5111111110000001;0.01328125;0.034722222000000004
916;0.529166667;0.5125;0.009635417;0.033796296
917;0.528125;0.513888889;0.0109375;0.034722222000000004
918;0.5278645829999999;0.513425926;0.009635417;0.03287037
919;0.5278645829999999;0.512037037;0.009114583;0.034722222000000004
920;0.52734375;0.5125;0.009375;0.033796296
921;0.52734375;0.5125;0.009114583;0.033796296
922;0.527083333;0.513425926;0.008854167;0.033333333
923;0.5265625;0.514351852;0.009375;0.033333333
924;0.5265625;0.514351852;0.009375;0.034259259
925;0.5263020829999999;0.513888889;0.009375;0.035185185
926;0.52578125;0.514351852;0.009635417;0.033796296
927;0.525520833;0.514814815;0.009635417;0.034259259
928;0.524739583;0.515277778;0.01015625;0.034259259
929;0.5239583329999999;0.515740741;0.010416667;0.034259259
930;0.52109375;0.5166666670000001;0.01484375;0.033333333
931;0.52265625;0.519444444;0.01171875;0.033333333
932;0.52109375;0.513888889;0.01328125;0.038888889
933;0.521875;0.518055556;0.01171875;0.034722222000000004
934;0.52109375;0.515277778;0.01328125;0.0375
935;0.52109375;0.513888889;0.01171875;0.038888889
936;0.52109375;0.518055556;0.0125;0.034722222000000004
937;0.521614583;0.5175925929999999;0.010416667;0.034259259
938;0.51875;0.519444444;0.015625;0.031944444
939;0.51953125;0.520833333;0.0125;0.030555556
940;0.51953125;0.5166666670000001;0.01328125;0.038888889
941;0.51875;0.513888889;0.0125;0.033333333
942;0.51875;0.515277778;0.0125;0.036111111
943;0.51640625;0.5083333329999999;0.0125;0.033333333
944;0.51640625;0.5097222220000001;0.0171875;0.033333333
945;0.51875;0.5069444439999999;0.0140625;0.036111111
946;0.51640625;0.502777778;0.015625;0.033333333
947;0.5171875;0.498611111;0.01484375;0.031944444
948;0.51640625;0.495833333;0.01484375;0.0375
949;0.5140625;0.4916666670000001;0.01796875;0.033333333
950;0.5171875;0.493055556;0.01484375;0.033333333
951;0.5171875;0.4875;0.01484375;0.038888889
952;0.51640625;0.481944444;0.01484375;0.031944444
953;0.51484375;0.481944444;0.0140625;0.036111111
954;0.51484375;0.481944444;0.015625;0.030555556
955;0.5140625;0.477777778;0.01484375;0.029166667
956;0.515625;0.472222222;0.0125;0.036111111
957;0.5125;0.472222222;0.01484375;0.034722222000000004
958;0.51484375;0.470833333;0.0125;0.033333333
959;0.51328125;0.473611111;0.015625;0.031944444
960;0.5140625;0.475;0.01484375;0.036111111
961;0.51328125;0.473611111;0.01640625;0.036111111
962;0.51328125;0.472222222;0.015625;0.0375
963;0.51484375;0.475;0.0125;0.033333333
964;0.51640625;0.476388889;0.0109375;0.030555556
965;0.5125;0.473611111;0.01796875;0.036111111
966;0.5125;0.473611111;0.01640625;0.034722222000000004
967;0.5140625;0.473611111;0.01171875;0.034722222000000004
968;0.51328125;0.473611111;0.01484375;0.036111111
969;0.5140625;0.475;0.0125;0.029166667
970;0.51328125;0.473611111;0.0125;0.031944444
971;0.5125;0.473611111;0.01328125;0.030555556
972;0.51328125;0.475;0.01484375;0.033333333
973;0.5140625;0.476388889;0.0125;0.033333333
974;0.5125;0.475;0.01640625;0.033333333
975;0.51328125;0.475;0.0125;0.034722222000000004
976;0.5125;0.473611111;0.0125;0.034722222000000004
977;0.5140625;0.473611111;0.01328125;0.034722222000000004
978;0.51328125;0.476388889;0.01328125;0.033333333
979;0.51484375;0.476388889;0.0125;0.031944444
980;0.5140625;0.4791666670000001;0.01328125;0.033333333
981;0.51328125;0.476388889;0.0125;0.031944444
982;0.5140625;0.477777778;0.01484375;0.030555556
983;0.51171875;0.475;0.01796875;0.031944444
984;0.51328125;0.473611111;0.01171875;0.030555556
985;0.51328125;0.476388889;0.01171875;0.030555556
986;0.5140625;0.477777778;0.0125;0.025
987;0.5140625;0.475;0.01171875;0.034722222000000004
988;0.51484375;0.475;0.0109375;0.031944444
989;0.51484375;0.473611111;0.0125;0.033333333
990;0.515625;0.475;0.0125;0.033333333
991;0.5140625;0.475;0.01171875;0.033333333
992;0.515625;0.477777778;0.009375;0.029166667
993;0.51484375;0.475;0.01171875;0.034722222000000004
994;0.51171875;0.476388889;0.015625;0.029166667
995;0.51640625;0.477777778;0.0125;0.033333333
996;0.51484375;0.477777778;0.0125;0.030555556
997;0.51484375;0.477777778;0.01328125;0.030555556
998;0.515625;0.477777778;0.0140625;0.034722222000000004
999;0.515625;0.477777778;0.0125;0.029166667
1000;0.51640625;0.476388889;0.01015625;0.030555556
1001;0.515625;0.476388889;0.01328125;0.030555556
1002;0.51640625;0.472222222;0.01484375;0.040277778
1003;0.51484375;0.475;0.01640625;0.031944444
1004;0.51484375;0.473611111;0.01484375;0.034722222000000004
1005;0.5171875;0.476388889;0.01171875;0.029166667
1006;0.5171875;0.475;0.01328125;0.029166667
1007;0.5203125;0.476388889;0.01015625;0.027777778
1008;0.51875;0.475;0.01171875;0.030555556
1009;0.51875;0.473611111;0.01171875;0.034722222000000004
1010;0.51796875;0.475;0.01328125;0.029166667
1011;0.51953125;0.473611111;0.0140625;0.036111111
1012;0.51875;0.475;0.015625;0.029166667
1013;0.51875;0.473611111;0.01328125;0.033333333
1014;0.5203125;0.472222222;0.0109375;0.029166667
1015;0.5203125;0.475;0.0140625;0.036111111
1016;0.52109375;0.475;0.0125;0.029166667
1017;0.51875;0.469444444;0.0140625;0.033333333
1018;0.521875;0.475;0.0125;0.031944444
1019;0.52109375;0.473611111;0.015625;0.029166667
1020;0.52109375;0.473611111;0.015625;0.033333333
1021;0.5203125;0.473611111;0.0171875;0.029166667
1022;0.521875;0.469444444;0.015625;0.033333333
1023;0.52265625;0.470833333;0.0140625;0.029166667
1024;0.5234375;0.468055556;0.01328125;0.040277778
1025;0.52578125;0.470833333;0.01171875;0.031944444
1026;0.52734375;0.470833333;0.01015625;0.029166667
1027;0.5265625;0.470833333;0.0125;0.030555556
1028;0.5265625;0.469444444;0.0109375;0.030555556
1029;0.52890625;0.469444444;0.0109375;0.029166667
1030;0.52734375;0.466666667;0.01171875;0.029166667
1031;0.5265625;0.469444444;0.01484375;0.033333333
1032;0.5265625;0.466666667;0.01484375;0.033333333
1033;0.528125;0.468055556;0.0125;0.026388889
1034;0.52890625;0.4625;0.0140625;0.033333333
1035;0.5265625;0.4625;0.01640625;0.034722222000000004
1036;0.52890625;0.4597222222222222;0.015625;0.036111111111111115
1037;0.53125;0.4638888888888889;0.01171875;0.030555555555555555
1038;0.53125;0.4625;0.01328125;0.034722222222222224
1039;0.53125;0.4625;0.0140625;0.031944444444444435
1040;0.5328125;0.463888889;0.0140625;0.027777778
1041;0.53359375;0.4638888888888889;0.0125;0.025
1042;0.53359375;0.4625;0.015625;0.027777777777777776
1043;0.534375;0.4597222222222222;0.01796875;0.03333333333333333
1044;0.53515625;0.4597222222222222;0.01328125;0.025
1045;0.53671875;0.456944444;0.01640625;0.0375
1046;0.5375;0.4611111111111112;0.01328125;0.027777777777777776
1047;0.5390625;0.4569444444444444;0.0125;0.03333333333333333
1048;0.5375;0.4583333333333333;0.01640625;0.029166666666666667
1049;0.5390625;0.455555556;0.015625;0.030555556
1050;0.54140625;0.4569444444444444;0.01328125;0.029166666666666667
1051;0.540625;0.4541666666666666;0.0140625;0.029166666666666667
1052;0.540625;0.4513888888888889;0.01484375;0.034722222222222224
1053;0.5421875;0.4527777777777778;0.015625;0.030555555555555555
1054;0.542708333;0.452777778;0.014583333;0.031944444
1055;0.545052083;0.452777778;0.01328125;0.030555556
1056;0.54375;0.448611111;0.01796875;0.030555556
1057;0.54765625;0.451388889;0.0140625;0.026388889
1058;0.54453125;0.451388889;0.016145833000000002;0.031944444
1059;0.54765625;0.450925926;0.0140625;0.030555556
1060;0.54921875;0.448611111;0.01484375;0.029166667
1061;0.55078125;0.447222222;0.015625;0.027777778
1062;0.5513020829999999;0.448148148;0.013020833;0.031944444
1063;0.55234375;0.448611111;0.01484375;0.026388889
1064;0.55;0.447222222;0.021875;0.030555556
1065;0.55234375;0.447222222;0.01640625;0.026388889
1066;0.55625;0.447222222;0.0140625;0.036111111
1067;0.5546875;0.441666667;0.01796875;0.0375
1068;0.55546875;0.443055556;0.014583333;0.035185185
1069;0.5546875;0.443055556;0.01640625;0.035185185
1070;0.559375;0.441666667;0.0140625;0.031944444
1071;0.560416667;0.442592593;0.013541667;0.031481481
1072;0.5609375;0.440277778;0.01640625;0.029166667
1073;0.5625;0.438888889;0.015625;0.030555556
1074;0.56328125;0.441666667;0.0171875;0.029166667
1075;0.564583333;0.439351852;0.013802083;0.032407407
1076;0.56640625;0.438425926;0.012760417;0.03287037
1077;0.5669270829999999;0.438425926;0.01328125;0.032407407
1078;0.56640625;0.438888889;0.0171875;0.026388889
1079;0.5658854170000001;0.437037037;0.016666667;0.034259259
1080;0.565104167;0.435185185;0.018489583;0.036574074
1081;0.5640625;0.434259259;0.020052083;0.037037037
1082;0.5669270829999999;0.435185185;0.018229167;0.034259259
1083;0.570052083;0.43287037;0.016927083;0.034722222000000004
1084;0.575;0.430555556;0.01640625;0.030555556
1085;0.57890625;0.4347222220000001;0.0125;0.026388889
1086;0.57734375;0.4291666670000001;0.0140625;0.029166667
1087;0.5765625;0.430555556;0.015104167;0.032407407
1088;0.57890625;0.427777778;0.01640625;0.029166667
1089;0.58046875;0.430555556;0.01796875;0.031944444
1090;0.58203125;0.430555556;0.01328125;0.029166667
1091;0.584375;0.426388889;0.01328125;0.036111111
1092;0.58515625;0.4291666670000001;0.0125;0.025
1093;0.58671875;0.42777777777777776;0.0125;0.029166666666666667
1094;0.5859375;0.423611111;0.015625;0.030555556
1095;0.58828125;0.425;0.01484375;0.034722222000000004
1096;0.5890625;0.425;0.015625;0.031944444
1097;0.590625;0.423611111;0.0125;0.031944444
1098;0.5921875;0.425;0.01171875;0.029166666666666667
1099;0.59140625;0.422222222;0.01328125;0.029166667
1100;0.59140625;0.418055556;0.0140625;0.030555556
1101;0.59453125;0.423611111;0.01328125;0.033333333
1102;0.59609375;0.420833333;0.0125;0.029166667
1103;0.59453125;0.419444444;0.01484375;0.029166667
1104;0.5953125;0.4166666670000001;0.0125;0.033333333
1105;0.59375;0.415277778;0.01640625;0.031944444
1106;0.59609375;0.4166666670000001;0.0140625;0.033333333
1107;0.59609375;0.4125;0.01484375;0.036111111
1108;0.596875;0.413888889;0.01484375;0.034722222000000004
1109;0.596875;0.408333333;0.01328125;0.040277778
1110;0.5953125;0.4125;0.015625;0.027777778
1111;0.59453125;0.408333333;0.01640625;0.033333333
1112;0.596875;0.411111111;0.01484375;0.029166667
1113;0.6;0.4125;0.0140625;0.023611111
1114;0.60234375;0.411111111;0.0125;0.022222222000000003
1115;0.6046875;0.411111111;0.0125;0.019444444
1116;0.60390625;0.405555556;0.0125;0.025
1117;0.60390625;0.405555556;0.015625;0.022222222000000003
1118;0.60703125;0.404166667;0.01328125;0.025
1119;0.595572917;0.400462963;0.02265625;0.042592593
1120;0.609375;0.4027777777777778;0.0125;0.026388888888888892
1121;0.609375;0.401388889;0.01171875;0.022222222000000003
1122;0.61171875;0.4;0.0109375;0.025
1123;0.61015625;0.401388889;0.0125;0.018055556
1124;0.61328125;0.394444444;0.0125;0.030555556
1125;0.61484375;0.3930555555555556;0.0125;0.029166666666666667
1126;0.6140625;0.394444444;0.0125;0.027777778
1127;0.61640625;0.3930555555555556;0.01171875;0.025
1128;0.61953125;0.39166666666666666;0.0109375;0.027777777777777776
1129;0.62109375;0.3944444444444444;0.0109375;0.02083333333333333
1130;0.61953125;0.388888889;0.01171875;0.027777778
1131;0.621875;0.39166666666666666;0.01015625;0.022222222222222227
1132;0.6234375;0.3902777777777778;0.00859375;0.019444444444444445
1133;0.625;0.3875;0.0109375;0.022222222222222227
1134;0.625;0.3875;0.0109375;0.02083333333333333
1135;0.62734375;0.3875;0.00703125;0.019444444444444445
1136;0.62890625;0.3861111111111111;0.009375;0.019444444444444445
1137;0.62734375;0.384722222;0.0125;0.022222222000000003
1138;0.62734375;0.383333333;0.0125;0.025
1139;0.6296875;0.380555556;0.0125;0.022222222000000003
1140;0.63046875;0.37916666666666665;0.01171875;0.026388888888888892
1141;0.63203125;0.379166667;0.009375;0.019444444
1142;0.634375;0.37777777777777777;0.009375;0.02083333333333333
1143;0.63359375;0.376388889;0.0140625;0.027777778
1144;0.634375;0.373611111;0.01328125;0.027777778
1145;0.63671875;0.3736111111111111;0.01015625;0.02361111111111111
1146;0.63515625;0.370833333;0.0140625;0.026388889
1147;0.6390625;0.369444444;0.0109375;0.027777778
1148;0.6390625;0.37222222222222223;0.01328125;0.025
1149;0.640625;0.36666666666666653;0.0125;0.029166666666666667
1150;0.63984375;0.368055556;0.01484375;0.023611111
1151;0.64296875;0.363888889;0.0125;0.026388889
1152;0.6421875;0.3666666670000001;0.01328125;0.020833333
1153;0.64375;0.3666666670000001;0.01640625;0.026388889
1154;0.64296875;0.3625;0.01484375;0.025
1155;0.64765625;0.3583333333333333;0.01171875;0.030555555555555555
1156;0.64765625;0.35972222200000004;0.01171875;0.023611111
1157;0.65;0.3611111111111111;0.0125;0.026388888888888892
1158;0.65;0.3611111111111111;0.0125;0.022222222222222227
1159;0.6515625;0.3555555555555556;0.01171875;0.027777777777777776
1160;0.65234375;0.35694444444444445;0.0125;0.02361111111111111
1161;0.653125;0.3555555555555556;0.0109375;0.025
1162;0.65546875;0.351388889;0.0125;0.030555556
1163;0.65625;0.35416666700000005;0.01171875;0.022222222000000003
1164;0.65703125;0.351388889;0.01171875;0.029166667
1165;0.65703125;0.34861111100000003;0.01328125;0.025
1166;0.659375;0.34861111100000003;0.01015625;0.025
1167;0.6578125;0.347222222;0.0125;0.026388889
1168;0.66015625;0.351388889;0.01171875;0.020833333
1169;0.65859375;0.34305555600000004;0.015625;0.029166667
1170;0.66171875;0.34444444444444444;0.0140625;0.02361111111111111
1171;0.6609375;0.34166666700000003;0.01328125;0.026388889
1172;0.6625;0.344444444;0.01171875;0.020833333
1173;0.6640625;0.34305555600000004;0.01640625;0.025
1174;0.6640625;0.338888889;0.01484375;0.023611111
1175;0.66796875;0.3375;0.01015625;0.020833333
1176;0.6671875;0.3375;0.01328125;0.025
1177;0.66953125;0.331944444;0.0140625;0.029166667
1178;0.6703125;0.3347222222222222;0.0140625;0.02361111111111111
1179;0.671875;0.334722222;0.01171875;0.020833333
1180;0.675;0.329166667;0.01171875;0.026388889
1181;0.675;0.333333333;0.0125;0.027777778
1182;0.67734375;0.326388889;0.009375;0.025
1183;0.678125;0.326388889;0.01015625;0.022222222000000003
1184;0.678125;0.326388889;0.01328125;0.026388889
1185;0.678125;0.325;0.0125;0.022222222000000003
1186;0.67890625;0.319444444;0.0109375;0.026388889
1187;0.6796875;0.319444444;0.01171875;0.026388889
1188;0.68046875;0.319444444;0.01328125;0.026388889
1189;0.68125;0.318055556;0.01328125;0.029166667
1190;0.68203125;0.318055556;0.0125;0.023611111
1191;0.68515625;0.318055556;0.01171875;0.026388889
1192;0.6828125;0.315277778;0.01328125;0.023611111
1193;0.684375;0.3125;0.0125;0.025
1194;0.68671875;0.316666667;0.01171875;0.020833333
1195;0.68671875;0.308333333;0.01328125;0.029166667
1196;0.6859375;0.308333333;0.015625;0.026388889
1197;0.68671875;0.309722222;0.01484375;0.025
1198;0.6875;0.309722222;0.015625;0.023611111
1199;0.68984375;0.311111111;0.0140625;0.022222222000000003
1200;0.690625;0.309722222;0.01640625;0.023611111
1201;0.69296875;0.305555556;0.0125;0.025
1202;0.6921875;0.304166667;0.01640625;0.023611111
1203;0.69453125;0.29861111100000004;0.0125;0.026388889
1204;0.69453125;0.29861111100000004;0.01484375;0.027777778
1205;0.69375;0.29861111100000004;0.0140625;0.033333333
1206;0.69453125;0.29583333300000003;0.0140625;0.031944444
1207;0.69453125;0.297222222;0.0140625;0.030555556
1208;0.69140625;0.291666667;0.01796875;0.034722222000000004
1209;0.69375;0.293055556;0.01796875;0.031944444
1210;0.69453125;0.290277778;0.01640625;0.033333333
1211;0.6953125;0.28611111100000003;0.015625;0.033333333
1212;0.696875;0.2875;0.01484375;0.030555556
1213;0.6984375;0.2875;0.0140625;0.029166667
1214;0.696875;0.284722222;0.01484375;0.026388889
1215;0.6984375;0.283333333;0.015625;0.027777778
1216;0.69921875;0.281944444;0.015625;0.031944444
1217;0.7015625;0.28611111100000003;0.0140625;0.027777778
1218;0.6984375;0.279166667;0.015625;0.030555556
1219;0.7;0.279166667;0.01640625;0.029166667
1220;0.70078125;0.275;0.015625;0.033333333
1221;0.70390625;0.27777777800000003;0.0109375;0.025
1222;0.7046875;0.275;0.0140625;0.022222222000000003
1223;0.70703125;0.275;0.0109375;0.026388889
1224;0.70546875;0.272222222;0.01171875;0.027777778
1225;0.70625;0.269444444;0.0140625;0.027777778
1226;0.70859375;0.272222222;0.01015625;0.029166667
1227;0.70625;0.270833333;0.015625;0.025
1228;0.70625;0.263888889;0.01640625;0.029166667
1229;0.7078125;0.26805555600000003;0.01484375;0.025
1230;0.7075520829999999;0.262962963;0.011458333;0.029166667
1231;0.70859375;0.263888889;0.01484375;0.023611111
1232;0.7109375;0.265277778;0.0125;0.022222222000000003
1233;0.709635417;0.259722222;0.010416667;0.027777778
1234;0.71015625;0.2625;0.0140625;0.019444444
1235;0.7109375;0.261111111;0.01796875;0.020833333
1236;0.71328125;0.258333333;0.01171875;0.026388889
1237;0.71328125;0.252777778;0.01171875;0.026388889
1238;0.71171875;0.252777778;0.01171875;0.023611111
1239;0.709375;0.251388889;0.01640625;0.031944444
1240;0.7140625;0.255555556;0.01328125;0.027777778
1241;0.7140625;0.251388889;0.01328125;0.025
1242;0.71328125;0.248611111;0.0125;0.030555556
1243;0.71484375;0.251388889;0.0140625;0.025
1244;0.716666667;0.248148148;0.00859375;0.025
1245;0.71640625;0.25;0.01328125;0.026388889
1246;0.71484375;0.245833333;0.0140625;0.023611111
1247;0.71796875;0.248611111;0.0125;0.025
1248;0.71796875;0.240277778;0.0109375;0.029166667
1249;0.7171875;0.243055556;0.0125;0.026388889
1250;0.715625;0.2375;0.01484375;0.033333333
1251;0.7171875;0.236111111;0.01171875;0.031944444
1252;0.720833333;0.236111111;0.007291667;0.025
1253;0.71875;0.238888889;0.0125;0.027777778
1254;0.71796875;0.236111111;0.0140625;0.025
1255;0.71875;0.233333333;0.0125;0.025
1256;0.7216145829999999;0.23287037;0.00859375;0.025925926
1257;0.71875;0.230555556;0.0140625;0.029166667
1258;0.71953125;0.233333333;0.015625;0.025
1259;0.71953125;0.229166667;0.01875;0.033333333
1260;0.7203125;0.227777778;0.0125;0.029166667
1261;0.72109375;0.231944444;0.01484375;0.023611111
1262;0.721875;0.229166667;0.01484375;0.029166667
1263;0.72109375;0.227777778;0.01484375;0.026388889
1264;0.721875;0.222222222;0.01171875;0.031944444
1265;0.72421875;0.226388889;0.0140625;0.027777778
1266;0.721875;0.225;0.01484375;0.029166667
1267;0.72265625;0.222222222;0.01171875;0.026388889
1268;0.72265625;0.222222222;0.0171875;0.034722222000000004
1269;0.72265625;0.220833333;0.0109375;0.020833333
1270;0.721875;0.218055556;0.0171875;0.031944444
1271;0.721875;0.216666667;0.0140625;0.022222222000000003
1272;0.7234375;0.220833333;0.015625;0.022222222000000003
1273;0.725;0.216666667;0.0125;0.022222222000000003
1274;0.725;0.213888889;0.01171875;0.029166667
1275;0.725;0.213888889;0.01171875;0.025
1276;0.725;0.2125;0.015625;0.030555556
1277;0.725;0.20555555600000006;0.01015625;0.030555556
1278;0.72578125;0.2125;0.01015625;0.026388889
1279;0.72578125;0.211111111;0.01328125;0.026388889
1280;0.72421875;0.209722222;0.015625;0.025
1281;0.7265625;0.2125;0.0109375;0.026388889
1282;0.725;0.206944444;0.01484375;0.027777778
1283;0.725;0.202777778;0.015625;0.029166667
1284;0.725;0.20555555600000006;0.01484375;0.027777778
1285;0.725;0.204166667;0.0125;0.026388889
1286;0.728125;0.208333333;0.01171875;0.022222222000000003
1287;0.72421875;0.201388889;0.0140625;0.025
1288;0.72421875;0.202777778;0.01484375;0.026388889
1289;0.7265625;0.204166667;0.01328125;0.023611111
1290;0.7265625;0.201388889;0.01484375;0.027777778
1291;0.72578125;0.201388889;0.0125;0.020833333
1292;0.72578125;0.2;0.01640625;0.026388889
1293;0.7234375;0.194444444;0.01484375;0.022222222000000003
1294;0.72578125;0.197222222;0.0140625;0.022222222000000003
1295;0.725;0.197222222;0.015625;0.023611111
1296;0.725;0.195833333;0.01484375;0.018055556
1297;0.72578125;0.195833333;0.01328125;0.020833333
1298;0.7265625;0.190277778;0.0109375;0.026388889
1299;0.72578125;0.1875;0.00859375;0.020833333
1300;0.72578125;0.186111111;0.01328125;0.031944444
1301;0.7265625;0.190277778;0.0109375;0.022222222000000003
1302;0.72578125;0.184722222;0.01171875;0.031944444
1303;0.725;0.1875;0.0140625;0.025
1304;0.7234375;0.186111111;0.01328125;0.025
1305;0.72421875;0.183333333;0.01171875;0.025
1306;0.7234375;0.181944444;0.0140625;0.029166667
1307;0.72421875;0.183333333;0.01015625;0.023611111
1308;0.7234375;0.181944444;0.0125;0.023611111
1309;0.7234375;0.183333333;0.01171875;0.027777778
1310;0.72421875;0.180555556;0.0125;0.023611111
1311;0.72265625;0.176388889;0.0125;0.030555556
1312;0.72578125;0.183333333;0.01015625;0.023611111
1313;0.721875;0.180555556;0.0109375;0.020833333
1314;0.72421875;0.176388889;0.0109375;0.027777778
1315;0.72421875;0.179166667;0.0125;0.025
1316;0.721875;0.177777778;0.01328125;0.022222222000000003
1317;0.72421875;0.176388889;0.01484375;0.025
1318;0.721875;0.173611111;0.01328125;0.026388889
1319;0.7234375;0.173611111;0.0109375;0.020833333
1320;0.7234375;0.173611111;0.00859375;0.025
1321;0.721875;0.173611111;0.01015625;0.022222222000000003
1322;0.72265625;0.173611111;0.00859375;0.018055556
1323;0.721875;0.17222222199999998;0.0109375;0.019444444
1324;0.71875;0.16944444399999994;0.01328125;0.016666667
1325;0.72265625;0.170833333;0.00703125;0.016666667
1326;0.71875;0.165277778;0.0140625;0.027777778
1327;0.71875;0.16805555600000002;0.0125;0.022222222000000003
1328;0.71875;0.16944444399999994;0.0140625;0.018055556
1329;0.71953125;0.165277778;0.01015625;0.022222222000000003
1330;0.71796875;0.163888889;0.01171875;0.026388889
1331;0.71796875;0.1625;0.0109375;0.026388889
1332;0.7171875;0.1625;0.01171875;0.023611111
1333;0.71796875;0.165277778;0.0109375;0.025
1334;0.7171875;0.161111111;0.0109375;0.025
1335;0.715625;0.15833333300000002;0.0109375;0.027777778
1336;0.7171875;0.15833333300000002;0.01171875;0.026388889
1337;0.715625;0.15694444400000002;0.01171875;0.029166667
1338;0.71484375;0.1625;0.0125;0.019444444
1339;0.7140625;0.15694444400000002;0.0140625;0.025
1340;0.71484375;0.15833333300000002;0.009375;0.022222222000000003
1341;0.71328125;0.15555555599999998;0.01328125;0.023611111
1342;0.71328125;0.15555555599999998;0.01328125;0.023611111
1343;0.7109375;0.152777778;0.01328125;0.023611111
1344;0.71015625;0.15416666699999998;0.0171875;0.023611111
1345;0.7140625;0.15416666699999998;0.009375;0.023611111
1346;0.71171875;0.148611111;0.0109375;0.026388889
1347;0.71171875;0.15416666699999998;0.0125;0.022222222000000003
1348;0.70859375;0.148611111;0.0140625;0.022222222000000003
1349;0.70859375;0.15;0.0140625;0.023611111
1350;0.71015625;0.152777778;0.01328125;0.019444444
1351;0.7125;0.15138888888888888;0.00859375;0.02083333333333333
1352;0.71171875;0.15138888888888888;0.00859375;0.018055555555555557
