,Clip,Res,Tracker,IOU_Thresh,Dist_Thresh,SOTP,SOTA,Recall,Precision,FPF,SODP,MT,PT,ML,Completeness,FM,FPS,fp_count,fp_thresh_count,tp_count,fn_count,tn_count,N_objects,N_frames,N_match
0,Ski01,1280,mil,0.4,0.1,0.0089,1.0,1.0,1.0,0.0,0.424,0,1,0,0.58,0.0,11.22,0,0,1352,0,0,1352,1353.0,1352
1,Ski01,1280,kcf,0.4,0.1,0.0039,0.122,0.122,1.0,0.0,0.6996,1,0,0,1.0,0.88,31.99,0,0,165,1187,0,1352,1353.0,165
2,Ski01,1280,tld,0.4,0.1,0.37799999999999995,0.0962,0.0962,0.0962,0.9032,0.0,0,0,1,0.0,0.9,9.05,0,1222,130,0,0,1352,1353.0,1352
3,Ski01,1280,medianflow,0.4,0.1,0.0234,0.9009,0.9009,0.9009,0.099,0.4732,0,1,0,0.74,0.1,28.44,0,134,1218,0,0,1352,1353.0,1352
4,Ski01,1280,goturn,0.4,0.1,1.9771,0.1768,0.1768,0.1768,0.8226,0.0883,0,0,1,0.13,0.82,6.24,0,1113,239,0,0,1352,1353.0,1352
5,Ski01,1280,mosse,0.4,0.1,0.0039,0.0836,0.0836,1.0,0.0,0.6234,1,0,0,0.97,0.92,33.11,0,0,113,1239,0,1352,1353.0,113
6,Ski01,1280,csrt,0.4,0.1,0.0044,1.0,1.0,1.0,0.0,0.5538,1,0,0,0.88,0.0,15.58,0,0,1352,0,0,1352,1353.0,1352
7,Slalom01,1280,mil,0.4,0.1,0.1359,0.4141,0.4141,0.4141,0.58,0.1435,0,1,0,0.2,0.59,14.44,0,58,41,0,0,99,100.0,99
8,Slalom01,1280,kcf,0.4,0.1,0.0017,0.0707,0.0707,1.0,0.0,0.8193,1,0,0,1.0,0.93,65.42,0,0,7,92,0,99,100.0,7
9,Slalom01,1280,tld,0.4,0.1,0.1132,0.4747,0.4747,0.4845,0.5,0.1016,0,0,1,0.16,0.53,8.43,0,50,47,2,0,99,100.0,97
10,Slalom01,1280,medianflow,0.4,0.1,0.003,0.1717,0.1717,1.0,0.0,0.6451,1,0,0,0.94,0.83,56.25,0,0,17,82,0,99,100.0,17
11,Slalom01,1280,goturn,0.4,0.1,0.1362,0.3636,0.3636,0.3636,0.63,0.0313,0,0,1,0.03,0.64,11.57,0,63,36,0,0,99,100.0,99
12,Slalom01,1280,mosse,0.4,0.1,0.0004,0.0101,0.0101,1.0,0.0,0.867,1,0,0,1.0,0.99,69.86,0,0,1,98,0,99,100.0,1
13,Slalom01,1280,csrt,0.4,0.1,0.1383,0.4242,0.4242,0.4242,0.57,0.1587,0,1,0,0.21,0.58,24.17,0,57,42,0,0,99,100.0,99
14,Bike09,720,mil,0.4,0.1,0.3261,0.4189,0.4189,0.3257,0.6728,0.20600000000000002,0,1,0,0.34,0.58,18.86,97,197,142,0,0,339,437.0,339
15,Bike09,720,kcf,0.4,0.1,0.0137,0.0206,0.0206,1.0,0.0,0.6264,1,0,0,1.0,0.98,78.69,0,0,7,332,97,339,437.0,7
16,Bike09,720,tld,0.4,0.1,0.3158,0.2006,0.2006,0.156,0.8421,0.0647,0,0,1,0.09,0.8,23.41,97,271,68,0,0,339,437.0,339
17,Bike09,720,medianflow,0.4,0.1,0.1023,0.4041,0.4041,0.6782,0.1487,0.4735,0,1,0,0.76,0.6,87.49,22,43,137,159,75,339,437.0,180
18,Bike09,720,goturn,0.4,0.1,0.0855,0.7699,0.7699,0.5986,0.4005,0.4422,0,1,0,0.66,0.23,15.22,97,78,261,0,0,339,437.0,339
19,Bike09,720,mosse,0.4,0.1,0.0129,0.3186,0.3186,1.0,0.0,0.595,1,0,0,0.98,0.68,70.65,0,0,108,231,97,339,437.0,108
20,Bike09,720,csrt,0.4,0.1,0.0154,0.4218,0.4218,0.9051,0.0343,0.6889,1,0,0,0.97,0.58,41.36,15,0,143,196,82,339,437.0,143
21,Bike08,720,mil,0.4,0.1,0.0316,1.0,1.0,0.9964,0.0036,0.3709,0,1,0,0.34,0.0,17.59,2,0,556,0,0,556,559.0,556
22,Bike08,720,kcf,0.4,0.1,0.0107,0.27699999999999997,0.27699999999999997,1.0,0.0,0.6385,1,0,0,0.99,0.72,87.8,0,0,154,402,2,556,559.0,154
23,Bike08,720,tld,0.4,0.1,0.0299,0.9802,0.9802,0.9767,0.0233,0.4803,0,1,0,0.76,0.02,21.86,2,11,545,0,0,556,559.0,556
24,Bike08,720,medianflow,0.4,0.1,0.3071,0.1888,0.1888,0.1885,0.8086,0.0811,0,0,1,0.09,0.81,86.74,2,450,105,1,0,556,559.0,555
25,Bike08,720,goturn,0.4,0.1,0.5138,0.009000000000000001,0.009000000000000001,0.009000000000000001,0.9893,0.0035,0,0,1,0.0,0.99,16.89,2,551,5,0,0,556,559.0,556
26,Bike08,720,mosse,0.4,0.1,0.0167,0.4101,0.4101,1.0,0.0,0.4918,0,1,0,0.72,0.59,106.2,0,0,228,328,2,556,559.0,228
27,Bike08,720,csrt,0.4,0.1,0.0142,1.0,1.0,0.9964,0.0036,0.4626,0,1,0,0.47,0.0,30.49,2,0,556,0,0,556,559.0,556
28,Bike05,1280,mil,0.4,0.1,0.0224,1.0,1.0,1.0,0.0,0.4728,0,1,0,0.58,0.0,13.91,0,0,157,0,0,157,158.0,157
29,Bike05,1280,kcf,0.4,0.1,0.0064,0.6561,0.6561,1.0,0.0,0.5814,1,0,0,0.84,0.34,41.01,0,0,103,54,0,157,158.0,103
30,Bike05,1280,tld,0.4,0.1,0.0631,0.8854,0.8854,0.8854,0.1139,0.4963,0,1,0,0.8,0.11,12.88,0,18,139,0,0,157,158.0,157
31,Bike05,1280,medianflow,0.4,0.1,0.0911,0.7006,0.7006,0.7432,0.2405,0.4912,0,1,0,0.66,0.3,47.86,0,38,110,9,0,157,158.0,148
32,Bike05,1280,goturn,0.4,0.1,0.7346,0.5478,0.5478,0.5478,0.4494,0.1787,0,0,1,0.17,0.45,3.13,0,71,86,0,0,157,158.0,157
33,Bike05,1280,mosse,0.4,0.1,0.0089,1.0,1.0,1.0,0.0,0.4801,0,1,0,0.55,0.0,55.52,0,0,157,0,0,157,158.0,157
34,Bike05,1280,csrt,0.4,0.1,0.0054,1.0,1.0,1.0,0.0,0.7078,1,0,0,1.0,0.0,16.95,0,0,157,0,0,157,158.0,157
35,Bike04,1280,mil,0.4,0.1,0.0045,1.0,1.0,1.0,0.0,0.6063,1,0,0,0.98,0.0,13.84,0,0,94,0,0,94,95.0,94
36,Bike04,1280,kcf,0.4,0.1,0.0023,0.0957,0.0957,1.0,0.0,0.7904,1,0,0,1.0,0.9,48.65,0,0,9,85,0,94,95.0,9
37,Bike04,1280,tld,0.4,0.1,0.1484,0.4894,0.4894,0.4894,0.5053,0.1702,0,1,0,0.23,0.51,7.79,0,48,46,0,0,94,95.0,94
38,Bike04,1280,medianflow,0.4,0.1,0.2298,0.2766,0.2766,0.2766,0.7158,0.0875,0,0,1,0.12,0.72,46.2,0,68,26,0,0,94,95.0,94
39,Bike04,1280,goturn,0.4,0.1,0.0524,0.8511,0.8511,0.8511,0.1474,0.0653,0,0,1,0.02,0.15,11.32,0,14,80,0,0,94,95.0,94
40,Bike04,1280,mosse,0.4,0.1,0.0024,0.3617,0.3617,1.0,0.0,0.6436,1,0,0,1.0,0.64,57.65,0,0,34,60,0,94,95.0,34
41,Bike04,1280,csrt,0.4,0.1,0.0025,1.0,1.0,1.0,0.0,0.7345,1,0,0,1.0,0.0,19.04,0,0,94,0,0,94,95.0,94
42,Bike03,1504,mil,0.4,0.1,0.047,0.9714,0.9714,0.764,0.2333,0.496,1,0,0,0.87,0.03,14.18,19,2,68,0,0,70,90.0,70
43,Bike03,1504,kcf,0.4,0.1,0.01,0.1571,0.1571,1.0,0.0,0.8186,1,0,0,1.0,0.84,58.16,0,0,11,59,19,70,90.0,11
44,Bike03,1504,tld,0.4,0.1,0.4563,0.1429,0.1429,0.1124,0.8778,0.0867,0,0,1,0.14,0.86,7.09,19,60,10,0,0,70,90.0,70
45,Bike03,1504,medianflow,0.4,0.1,0.0331,0.9429,0.9429,0.7416,0.2556,0.5671,1,0,0,0.89,0.06,52.55,19,4,66,0,0,70,90.0,70
46,Bike03,1504,goturn,0.4,0.1,0.3348,0.2286,0.2286,0.1798,0.8111,0.09699999999999999,0,0,1,0.11,0.77,11.66,19,54,16,0,0,70,90.0,70
47,Bike03,1504,mosse,0.4,0.1,0.0009,0.0143,0.0143,1.0,0.0,0.9356,1,0,0,1.0,0.99,64.6,0,0,1,69,19,70,90.0,1
48,Bike03,1504,csrt,0.4,0.1,0.03,1.0,1.0,0.7865,0.2111,0.5769,1,0,0,1.0,0.0,18.7,19,0,70,0,0,70,90.0,70
49,Slalom01,1504,mil,0.4,0.1,0.2104,0.2323,0.2323,0.2323,0.76,0.114,0,0,1,0.16,0.77,14.57,0,76,23,0,0,99,100.0,99
50,Slalom01,1504,kcf,0.4,0.1,0.0016,0.0707,0.0707,1.0,0.0,0.8125,1,0,0,1.0,0.93,67.64,0,0,7,92,0,99,100.0,7
51,Slalom01,1504,tld,0.4,0.1,0.1463,0.3232,0.3232,0.3232,0.67,0.0656,0,0,1,0.1,0.68,7.29,0,67,32,0,0,99,100.0,99
52,Slalom01,1504,medianflow,0.4,0.1,0.0033,0.1717,0.1717,1.0,0.0,0.6509,1,0,0,0.94,0.83,57.47,0,0,17,82,0,99,100.0,17
53,Slalom01,1504,goturn,0.4,0.1,0.1356,0.3838,0.3838,0.3838,0.61,0.0324,0,0,1,0.03,0.62,12.07,0,61,38,0,0,99,100.0,99
54,Slalom01,1504,mosse,0.4,0.1,0.0015,0.0202,0.0202,1.0,0.0,0.8356,1,0,0,1.0,0.98,75.27,0,0,2,97,0,99,100.0,2
55,Slalom01,1504,csrt,0.4,0.1,0.139,0.4242,0.4242,0.4242,0.57,0.1601,0,1,0,0.21,0.58,22.88,0,57,42,0,0,99,100.0,99
56,Ski03,1920,mil,0.4,0.1,0.29100000000000004,0.2606,0.2606,0.2606,0.7388,0.1225,0,0,1,0.12,0.74,13.77,0,823,290,0,0,1113,1114.0,1113
57,Ski03,1920,kcf,0.4,0.1,0.086,0.6146,0.6146,0.8424,0.1149,0.1989,0,0,1,0.16,0.39,20.77,0,128,684,301,0,1113,1114.0,812
58,Ski03,1920,tld,0.4,0.1,0.2064,0.4034,0.4034,0.4034,0.5961,0.2172,0,1,0,0.35,0.6,7.3,0,664,449,0,0,1113,1114.0,1113
59,Ski03,1920,medianflow,0.4,0.1,0.079,0.4627,0.4627,0.8188,0.1023,0.4018,0,1,0,0.53,0.54,37.98,0,114,515,484,0,1113,1114.0,629
60,Ski03,1920,mosse,0.4,0.1,0.0695,0.9928,0.9928,0.9928,0.0072,0.1212,0,0,1,0.1,0.01,38.37,0,8,1105,0,0,1113,1114.0,1113
61,Ski03,1920,csrt,0.4,0.1,0.013000000000000001,1.0,1.0,1.0,0.0,0.396,0,1,0,0.33,0.0,15.61,0,0,1113,0,0,1113,1114.0,1113
62,Ski03,1920,goturn,0.4,0.1,0.0073,1.0,1.0,1.0,0.0,0.5091,1,0,0,0.83,0.0,13.8,0,0,1113,0,0,1113,1114.0,1113
63,Ski04,720,mil,0.4,0.1,0.0098,1.0,1.0,1.0,0.0,0.5183,0,1,0,0.77,0.0,17.83,0,0,253,0,0,253,254.0,253
64,Ski04,720,kcf,0.4,0.1,0.0109,0.253,0.253,1.0,0.0,0.4766,0,1,0,0.55,0.75,96.49,0,0,64,189,0,253,254.0,64
65,Ski04,720,tld,0.4,0.1,0.0097,1.0,1.0,1.0,0.0,0.5737,1,0,0,0.89,0.0,27.7,0,0,253,0,0,253,254.0,253
66,Ski04,720,medianflow,0.4,0.1,0.0129,1.0,1.0,1.0,0.0,0.5723,1,0,0,0.84,0.0,94.16,0,0,253,0,0,253,254.0,253
67,Ski04,720,goturn,0.4,0.1,0.025,1.0,1.0,1.0,0.0,0.3086,0,1,0,0.23,0.0,16.04,0,0,253,0,0,253,254.0,253
68,Ski04,720,mosse,0.4,0.1,0.0009,0.004,0.004,1.0,0.0,0.9578,1,0,0,1.0,1.0,111.81,0,0,1,252,0,253,254.0,1
69,Ski04,720,csrt,0.4,0.1,0.0116,1.0,1.0,1.0,0.0,0.4571,0,1,0,0.53,0.0,29.93,0,0,253,0,0,253,254.0,253
70,Bike02,1280,mil,0.4,0.1,0.0032,1.0,1.0,1.0,0.0,0.8021,1,0,0,1.0,0.0,14.85,0,0,98,0,0,98,99.0,98
71,Bike02,1280,kcf,0.4,0.1,0.0024,1.0,1.0,1.0,0.0,0.8092,1,0,0,1.0,0.0,44.79,0,0,98,0,0,98,99.0,98
72,Bike02,1280,tld,0.4,0.1,0.0171,1.0,1.0,1.0,0.0,0.5539,1,0,0,0.88,0.0,11.77,0,0,98,0,0,98,99.0,98
73,Bike02,1280,medianflow,0.4,0.1,0.0021,1.0,1.0,1.0,0.0,0.8059,1,0,0,1.0,0.0,45.92,0,0,98,0,0,98,99.0,98
74,Bike02,1280,goturn,0.4,0.1,0.04,1.0,1.0,1.0,0.0,0.062,0,0,1,0.04,0.0,11.58,0,0,98,0,0,98,99.0,98
75,Bike02,1280,mosse,0.4,0.1,0.0032,1.0,1.0,1.0,0.0,0.8005,1,0,0,1.0,0.0,55.41,0,0,98,0,0,98,99.0,98
76,Bike02,1280,csrt,0.4,0.1,0.0024,1.0,1.0,1.0,0.0,0.7477,1,0,0,1.0,0.0,21.12,0,0,98,0,0,98,99.0,98
77,Bike03,1280,mil,0.4,0.1,0.319,0.2571,0.2571,0.2022,0.7889,0.1548,0,0,1,0.2,0.74,15.52,19,52,18,0,0,70,90.0,70
78,Bike03,1280,kcf,0.4,0.1,0.0098,0.1571,0.1571,1.0,0.0,0.8175,1,0,0,1.0,0.84,55.97,0,0,11,59,19,70,90.0,11
79,Bike03,1280,tld,0.4,0.1,0.4081,0.2143,0.2143,0.1685,0.8222,0.1065,0,0,1,0.17,0.79,9.3,19,55,15,0,0,70,90.0,70
80,Bike03,1280,medianflow,0.4,0.1,0.0433,0.8857,0.8857,0.6966,0.3,0.49,1,0,0,0.81,0.11,52.02,19,8,62,0,0,70,90.0,70
81,Bike03,1280,goturn,0.4,0.1,0.3348,0.2286,0.2286,0.1798,0.8111,0.0982,0,0,1,0.1,0.77,12.37,19,54,16,0,0,70,90.0,70
82,Bike03,1280,mosse,0.4,0.1,0.0013,0.0286,0.0286,1.0,0.0,0.8818,1,0,0,1.0,0.97,64.54,0,0,2,68,19,70,90.0,2
83,Bike03,1280,csrt,0.4,0.1,0.0381,1.0,1.0,0.7865,0.2111,0.4595,0,1,0,0.54,0.0,20.44,19,0,70,0,0,70,90.0,70
84,Bike09,1920,mil,0.4,0.1,0.0724,0.8112,0.8112,0.6307,0.3684,0.309,0,1,0,0.36,0.19,10.59,97,64,275,0,0,339,437.0,339
85,Bike09,1920,kcf,0.4,0.1,0.0164,0.2979,0.2979,1.0,0.0,0.5021,0,1,0,0.65,0.7,22.24,0,0,101,238,97,339,437.0,101
86,Bike09,1920,tld,0.4,0.1,0.3919,0.1475,0.1475,0.1147,0.8833,0.0317,0,0,1,0.04,0.85,4.15,97,289,50,0,0,339,437.0,339
87,Bike09,1920,medianflow,0.4,0.1,0.3512,0.1976,0.1976,0.1846,0.6773,0.1425,0,1,0,0.22,0.8,27.8,71,225,67,47,26,339,437.0,292
88,Bike09,1920,goturn,0.4,0.1,0.1144,0.6903,0.6903,0.5367,0.4622,0.4073,0,1,0,0.6,0.31,9.99,97,105,234,0,0,339,437.0,339
89,Bike09,1920,mosse,0.4,0.1,0.2091,0.59,0.59,0.578,0.3341,0.3017,0,1,0,0.41,0.41,31.84,50,96,200,43,47,339,437.0,296
90,Bike09,1920,csrt,0.4,0.1,0.0177,0.4218,0.4218,0.9286,0.0252,0.6471,1,0,0,0.95,0.58,16.67,11,0,143,196,86,339,437.0,143
91,Bike08,1280,mil,0.4,0.1,0.0274,1.0,1.0,0.9964,0.0036,0.37,0,1,0,0.33,0.0,15.07,2,0,556,0,0,556,559.0,556
92,Bike08,1280,kcf,0.4,0.1,0.0112,0.2914,0.2914,1.0,0.0,0.6444,1,0,0,0.98,0.71,39.2,0,0,162,394,2,556,559.0,162
93,Bike08,1280,tld,0.4,0.1,0.0399,0.9784,0.9784,0.9749,0.025,0.5377,1,0,0,0.86,0.02,13.23,2,12,544,0,0,556,559.0,556
94,Bike08,1280,medianflow,0.4,0.1,0.2972,0.2212,0.2212,0.2204,0.7782,0.106,0,0,1,0.12,0.78,49.49,2,433,123,0,0,556,559.0,556
95,Bike08,1280,goturn,0.4,0.1,0.5142,0.0126,0.0126,0.0125,0.9857,0.0042,0,0,1,0.0,0.99,14.16,2,549,7,0,0,556,559.0,556
96,Bike08,1280,mosse,0.4,0.1,0.0142,1.0,1.0,0.9964,0.0036,0.4193,0,1,0,0.44,0.0,56.17,2,0,556,0,0,556,559.0,556
97,Bike08,1280,csrt,0.4,0.1,0.0132,1.0,1.0,0.9964,0.0036,0.6299,1,0,0,0.95,0.0,19.31,2,0,556,0,0,556,559.0,556
98,Bike09,1280,mil,0.4,0.1,0.2968,0.4071,0.4071,0.3165,0.6819,0.1922,0,1,0,0.32,0.59,14.21,97,201,138,0,0,339,437.0,339
99,Bike09,1280,kcf,0.4,0.1,0.0114,0.0324,0.0324,1.0,0.0,0.6421,1,0,0,1.0,0.97,42.61,0,0,11,328,97,339,437.0,11
100,Bike09,1280,tld,0.4,0.1,0.3888,0.177,0.177,0.1376,0.8604,0.0552,0,0,1,0.07,0.82,9.72,97,279,60,0,0,339,437.0,339
101,Bike09,1280,medianflow,0.4,0.1,0.3959,0.1858,0.1858,0.1504,0.8146,0.1104,0,0,1,0.18,0.81,44.84,88,268,63,8,9,339,437.0,331
102,Bike09,1280,goturn,0.4,0.1,0.114,0.6726,0.6726,0.5229,0.47600000000000003,0.4082,0,1,0,0.61,0.33,12.58,97,111,228,0,0,339,437.0,339
103,Bike09,1280,mosse,0.4,0.1,0.0117,0.3953,0.3953,1.0,0.0,0.5579999999999999,1,0,0,0.91,0.6,55.27,0,0,134,205,97,339,437.0,134
104,Bike09,1280,csrt,0.4,0.1,0.0171,0.4218,0.4218,0.9286,0.0252,0.6363,1,0,0,0.94,0.58,27.33,11,0,143,196,86,339,437.0,143
105,Ski04,1920,mil,0.4,0.1,0.0112,1.0,1.0,1.0,0.0,0.4986,0,1,0,0.78,0.0,13.15,0,0,253,0,0,253,254.0,253
106,Ski04,1920,kcf,0.4,0.1,0.0114,1.0,1.0,1.0,0.0,0.5263,0,1,0,0.7,0.0,43.65,0,0,253,0,0,253,254.0,253
107,Ski04,1920,tld,0.4,0.1,0.0894,0.8656,0.8656,0.8656,0.1339,0.3666,0,1,0,0.43,0.13,7.57,0,34,219,0,0,253,254.0,253
108,Ski04,1920,medianflow,0.4,0.1,0.0114,1.0,1.0,1.0,0.0,0.552,0,1,0,0.78,0.0,34.72,0,0,253,0,0,253,254.0,253
109,Ski04,1920,goturn,0.4,0.1,0.0281,1.0,1.0,1.0,0.0,0.2912,0,1,0,0.23,0.0,9.39,0,0,253,0,0,253,254.0,253
110,Ski04,1920,mosse,0.4,0.1,0.0149,1.0,1.0,1.0,0.0,0.505,0,1,0,0.67,0.0,46.61,0,0,253,0,0,253,254.0,253
111,Ski04,1920,csrt,0.4,0.1,0.0116,1.0,1.0,1.0,0.0,0.551,0,1,0,0.78,0.0,16.22,0,0,253,0,0,253,254.0,253
112,Bike03,720,mil,0.4,0.1,0.0454,0.9429,0.9429,0.7416,0.2556,0.5062,1,0,0,0.86,0.06,17.79,19,4,66,0,0,70,90.0,70
113,Bike03,720,kcf,0.4,0.1,0.0021,0.0571,0.0571,1.0,0.0,0.9315,1,0,0,1.0,0.94,85.55,0,0,4,66,19,70,90.0,4
114,Bike03,720,tld,0.4,0.1,0.3572,0.1571,0.1571,0.1236,0.8667,0.0923,0,0,1,0.14,0.84,20.94,19,59,11,0,0,70,90.0,70
115,Bike03,720,medianflow,0.4,0.1,0.4188,0.0714,0.0714,0.0581,0.9,0.0305,0,0,1,0.01,0.93,86.37,17,64,5,1,2,70,90.0,69
116,Bike03,720,goturn,0.4,0.1,0.3351,0.2286,0.2286,0.1798,0.8111,0.1048,0,0,1,0.13,0.77,13.73,19,54,16,0,0,70,90.0,70
117,Bike03,720,mosse,0.4,0.1,0.0024,0.0143,0.0143,1.0,0.0,0.9448,1,0,0,1.0,0.99,106.64,0,0,1,69,19,70,90.0,1
118,Bike03,720,csrt,0.4,0.1,0.0297,1.0,1.0,0.7865,0.2111,0.6008,1,0,0,0.94,0.0,21.52,19,0,70,0,0,70,90.0,70
119,Car01,640,mil,0.4,0.1,0.0138,1.0,1.0,1.0,0.0,0.7189,1,0,0,1.0,0.0,19.0,0,0,156,0,0,156,157.0,156
120,Car01,640,kcf,0.4,0.1,0.0078,1.0,1.0,1.0,0.0,0.7515,1,0,0,1.0,0.0,77.44,0,0,156,0,0,156,157.0,156
121,Car01,640,tld,0.4,0.1,0.0304,1.0,1.0,1.0,0.0,0.5068,0,1,0,0.66,0.0,30.82,0,0,156,0,0,156,157.0,156
122,Car01,640,medianflow,0.4,0.1,0.0117,1.0,1.0,1.0,0.0,0.7976,1,0,0,1.0,0.0,103.76,0,0,156,0,0,156,157.0,156
123,Car01,640,mosse,0.4,0.1,0.0116,1.0,1.0,1.0,0.0,0.7471,1,0,0,1.0,0.0,123.96,0,0,156,0,0,156,157.0,156
124,Car01,640,csrt,0.4,0.1,0.0037,1.0,1.0,1.0,0.0,0.8777,1,0,0,1.0,0.0,25.32,0,0,156,0,0,156,157.0,156
125,Bike04,1504,mil,0.4,0.1,0.006,1.0,1.0,1.0,0.0,0.5847,1,0,0,1.0,0.0,13.42,0,0,94,0,0,94,95.0,94
126,Bike04,1504,kcf,0.4,0.1,0.0018,0.1064,0.1064,1.0,0.0,0.7959999999999999,1,0,0,1.0,0.89,51.14,0,0,10,84,0,94,95.0,10
127,Bike04,1504,tld,0.4,0.1,0.2252,0.3936,0.3936,0.3936,0.6,0.1921,0,1,0,0.29,0.61,6.41,0,57,37,0,0,94,95.0,94
128,Bike04,1504,medianflow,0.4,0.1,0.2269,0.2872,0.2872,0.2872,0.7053,0.0913,0,0,1,0.12,0.71,41.59,0,67,27,0,0,94,95.0,94
129,Bike04,1504,goturn,0.4,0.1,0.0649,0.8298,0.8298,0.8298,0.1684,0.0603,0,0,1,0.01,0.17,10.33,0,16,78,0,0,94,95.0,94
130,Bike04,1504,mosse,0.4,0.1,0.003,1.0,1.0,1.0,0.0,0.6138,1,0,0,0.99,0.0,52.26,0,0,94,0,0,94,95.0,94
131,Bike04,1504,csrt,0.4,0.1,0.0028,1.0,1.0,1.0,0.0,0.7184,1,0,0,1.0,0.0,22.45,0,0,94,0,0,94,95.0,94
132,Surf01,720,mil,0.4,0.1,0.0506,0.9009999999999999,0.9009999999999999,0.7829999999999999,0.2167,0.3063,0,1,0,0.31,0.1,18.3,105,69,628,0,0,697,803.0,697
133,Surf01,720,kcf,0.4,0.1,0.0009,0.0014,0.0014,1.0,0.0,0.9636,1,0,0,1.0,1.0,118.62,0,0,1,696,105,697,803.0,1
134,Surf01,720,tld,0.4,0.1,0.0546,0.8494,0.8494,0.7419,0.2565,0.3312,0,1,0,0.46,0.15,29.56,101,105,592,0,4,697,803.0,697
135,Surf01,720,medianflow,0.4,0.1,0.2722,0.0775,0.0775,0.0684,0.9166,0.0222,0,0,1,0.03,0.92,111.92,105,631,54,12,0,697,803.0,685
136,Surf01,720,goturn,0.4,0.1,0.0684,0.7776,0.7776,0.6758,0.3238,0.1471,0,0,1,0.15,0.22,18.08,105,155,542,0,0,697,803.0,697
137,Surf01,720,mosse,0.4,0.1,0.0041,0.0057,0.0057,1.0,0.0,0.8017,1,0,0,1.0,0.99,131.08,0,0,4,693,105,697,803.0,4
138,Surf01,720,csrt,0.4,0.1,0.0282,0.2339,0.2339,0.7443,0.0697,0.4279,0,1,0,0.61,0.77,66.27,56,0,163,534,49,697,803.0,163
139,Slalom01,720,mil,0.4,0.1,0.1396,0.3636,0.3636,0.3636,0.63,0.0956,0,0,1,0.14,0.64,16.83,0,63,36,0,0,99,100.0,99
140,Slalom01,720,kcf,0.4,0.1,0.0006,0.0101,0.0101,1.0,0.0,0.9588,1,0,0,1.0,0.99,103.69,0,0,1,98,0,99,100.0,1
141,Slalom01,720,tld,0.4,0.1,0.2921,0.0,0.0,0.0,0.99,0.0,0,0,1,0.0,1.0,13.34,0,99,0,0,0,99,100.0,99
142,Slalom01,720,medianflow,0.4,0.1,0.35600000000000004,0.1515,0.1515,0.1531,0.83,0.0059,0,0,1,0.0,0.85,92.29,0,83,15,1,0,99,100.0,98
143,Slalom01,720,goturn,0.4,0.1,0.1482,0.2727,0.2727,0.2727,0.72,0.0281,0,0,1,0.02,0.73,13.99,0,72,27,0,0,99,100.0,99
144,Slalom01,720,mosse,0.4,0.1,,0.0,0.0,0.0,0.0,0.0,0,0,1,0.0,1.0,106.91,0,0,0,99,0,99,100.0,0
145,Slalom01,720,csrt,0.4,0.1,0.0085,0.8788,0.8788,1.0,0.0,0.5344,0,1,0,0.74,0.12,26.93,0,0,87,12,0,99,100.0,87
146,Human01,1504,mil,0.4,0.1,0.0162,0.9841,0.9841,0.7848,0.2125,0.4719,0,1,0,0.63,0.02,13.0,16,1,62,0,0,63,80.0,63
147,Human01,1504,kcf,0.4,0.1,0.0014,0.0635,0.0635,1.0,0.0,0.8381,1,0,0,1.0,0.94,49.29,0,0,4,59,16,63,80.0,4
148,Human01,1504,tld,0.4,0.1,0.4493,0.0476,0.0476,0.038,0.95,0.0317,0,0,1,0.05,0.95,5.81,16,60,3,0,0,63,80.0,63
149,Human01,1504,medianflow,0.4,0.1,0.1968,0.4286,0.4286,0.3418,0.65,0.1088,0,0,1,0.14,0.57,43.89,16,36,27,0,0,63,80.0,63
150,Human01,1504,goturn,0.4,0.1,0.1114,0.6667,0.6667,0.5316,0.4625,0.1752,0,0,1,0.06,0.33,11.73,16,21,42,0,0,63,80.0,63
151,Human01,1504,mosse,0.4,0.1,0.0026,0.1111,0.1111,1.0,0.0,0.8190000000000001,1,0,0,1.0,0.89,55.63,0,0,7,56,16,63,80.0,7
152,Human01,1504,csrt,0.4,0.1,0.0054,1.0,1.0,0.7975,0.2,0.6095,1,0,0,0.95,0.0,18.56,16,0,63,0,0,63,80.0,63
153,Ski01,3840,mil,0.4,0.1,0.4619,0.1383,0.1383,0.1383,0.861,0.0858,0,0,1,0.13,0.86,5.63,0,1165,187,0,0,1352,1353.0,1352
154,Ski01,3840,kcf,0.4,0.1,0.003,0.1228,0.1228,1.0,0.0,0.6942,1,0,0,1.0,0.88,11.67,0,0,166,1186,0,1352,1353.0,166
155,Ski01,3840,tld,0.4,0.1,0.3218,0.2049,0.2049,0.2049,0.7945,0.075,0,0,1,0.1,0.8,1.94,0,1075,277,0,0,1352,1353.0,1352
156,Ski01,3840,medianflow,0.4,0.1,0.013000000000000001,0.9586,0.9586,0.9586,0.0414,0.4897,0,1,0,0.8,0.04,8.15,0,56,1296,0,0,1352,1353.0,1352
157,Ski01,3840,goturn,0.4,0.1,0.8529,0.2212,0.2212,0.2212,0.7783,0.0857,0,0,1,0.13,0.78,2.87,0,1053,299,0,0,1352,1353.0,1352
158,Ski01,3840,mosse,0.4,0.1,0.0102,1.0,1.0,1.0,0.0,0.5062,1,0,0,0.84,0.0,12.39,0,0,1352,0,0,1352,1353.0,1352
159,Ski01,3840,csrt,0.4,0.1,0.0036,1.0,1.0,1.0,0.0,0.4403,0,1,0,0.57,0.0,5.95,0,0,1352,0,0,1352,1353.0,1352
160,Bike02,720,mil,0.4,0.1,0.0135,1.0,1.0,1.0,0.0,0.6588,1,0,0,1.0,0.0,15.84,0,0,98,0,0,98,99.0,98
161,Bike02,720,kcf,0.4,0.1,0.001,0.0102,0.0102,1.0,0.0,0.9624,1,0,0,1.0,0.99,68.83,0,0,1,97,0,98,99.0,1
162,Bike02,720,tld,0.4,0.1,0.1528,0.0,0.0,0.0,0.9798,0.0,0,0,1,0.0,1.0,16.72,0,97,0,1,0,98,99.0,97
163,Bike02,720,medianflow,0.4,0.1,0.0038,0.9898,0.9898,1.0,0.0,0.7786,1,0,0,1.0,0.01,75.32,0,0,97,1,0,98,99.0,97
164,Bike02,720,goturn,0.4,0.1,0.1136,0.4184,0.4184,0.4184,0.5758,0.08199999999999999,0,0,1,0.07,0.58,13.48,0,57,41,0,0,98,99.0,98
165,Bike02,720,mosse,0.4,0.1,0.0003,0.0102,0.0102,1.0,0.0,0.9540000000000001,1,0,0,1.0,0.99,105.08,0,0,1,97,0,98,99.0,1
166,Bike02,720,csrt,0.4,0.1,0.0029,1.0,1.0,1.0,0.0,0.7286,1,0,0,1.0,0.0,31.96,0,0,98,0,0,98,99.0,98
167,Car01,1504,mil,0.4,0.1,0.0046,1.0,1.0,1.0,0.0,0.7617,1,0,0,1.0,0.0,15.13,0,0,156,0,0,156,157.0,156
168,Car01,1504,kcf,0.4,0.1,0.0054,1.0,1.0,1.0,0.0,0.7618,1,0,0,1.0,0.0,45.62,0,0,156,0,0,156,157.0,156
169,Car01,1504,tld,0.4,0.1,0.0285,1.0,1.0,1.0,0.0,0.5668,1,0,0,0.93,0.0,11.89,0,0,156,0,0,156,157.0,156
170,Car01,1504,medianflow,0.4,0.1,0.0079,1.0,1.0,1.0,0.0,0.8603,1,0,0,1.0,0.0,55.58,0,0,156,0,0,156,157.0,156
171,Car01,1504,mosse,0.4,0.1,0.0074,1.0,1.0,1.0,0.0,0.7996,1,0,0,1.0,0.0,60.76,0,0,156,0,0,156,157.0,156
172,Car01,1504,csrt,0.4,0.1,0.0044,1.0,1.0,1.0,0.0,0.7183,1,0,0,1.0,0.0,14.74,0,0,156,0,0,156,157.0,156
173,Wake01,1920,mil,0.4,0.1,0.25,0.4781,0.4781,0.4781,0.5212,0.1249,0,0,1,0.12,0.52,11.81,0,394,361,0,0,755,756.0,755
174,Wake01,1920,kcf,0.4,0.1,0.0077,0.0331,0.0331,1.0,0.0,0.6,1,0,0,1.0,0.97,36.83,0,0,25,730,0,755,756.0,25
175,Wake01,1920,tld,0.4,0.1,0.3481,0.0874,0.0874,0.0874,0.9114,0.0405,0,0,1,0.06,0.91,6.43,0,689,66,0,0,755,756.0,755
176,Wake01,1920,medianflow,0.4,0.1,0.2476,0.0689,0.0689,0.3586,0.12300000000000001,0.1273,0,0,1,0.2,0.93,31.99,0,93,52,610,0,755,756.0,145
177,Wake01,1920,goturn,0.4,0.1,0.3248,0.0662,0.0662,0.0662,0.9325,0.0131,0,0,1,0.01,0.93,12.21,0,705,50,0,0,755,756.0,755
178,Wake01,1920,mosse,0.4,0.1,0.0501,0.5523,0.5523,0.8113,0.1283,0.11900000000000001,0,0,1,0.06,0.45,42.67,0,97,417,241,0,755,756.0,514
179,Wake01,1920,csrt,0.4,0.1,0.0053,1.0,1.0,1.0,0.0,0.5198,1,0,0,0.91,0.0,15.77,0,0,755,0,0,755,756.0,755
180,Wake01,1280,mil,0.4,0.1,0.231,0.4993,0.4993,0.4993,0.5,0.1323,0,0,1,0.11,0.5,13.69,0,378,377,0,0,755,756.0,755
181,Wake01,1280,kcf,0.4,0.1,0.0074,0.0331,0.0331,1.0,0.0,0.6082,1,0,0,1.0,0.97,53.05,0,0,25,730,0,755,756.0,25
182,Wake01,1280,tld,0.4,0.1,0.3034,0.1934,0.1934,0.1936,0.8042,0.049,0,0,1,0.05,0.81,8.75,0,608,146,1,0,755,756.0,754
183,Wake01,1280,medianflow,0.4,0.1,0.4086,0.0702,0.0702,0.265,0.1944,0.0947,0,0,1,0.14,0.93,51.63,0,147,53,555,0,755,756.0,200
184,Wake01,1280,goturn,0.4,0.1,0.3285,0.045,0.045,0.045,0.9537,0.0121,0,0,1,0.01,0.95,13.04,0,721,34,0,0,755,756.0,755
185,Wake01,1280,mosse,0.4,0.1,0.0087,0.0424,0.0424,1.0,0.0,0.555,1,0,0,1.0,0.96,58.85,0,0,32,723,0,755,756.0,32
186,Wake01,1280,csrt,0.4,0.1,0.0587,0.5086,0.5086,0.8033,0.1243,0.2977,0,1,0,0.33,0.49,23.87,0,94,384,277,0,755,756.0,478
187,Surf01,1504,mil,0.4,0.1,0.1836,0.2339,0.2339,0.2032,0.7958,0.0369,0,0,1,0.05,0.77,14.23,105,534,163,0,0,697,803.0,697
188,Surf01,1504,kcf,0.4,0.1,0.0024,0.0086,0.0086,1.0,0.0,0.879,1,0,0,1.0,0.99,58.0,0,0,6,691,105,697,803.0,6
189,Surf01,1504,tld,0.4,0.1,0.0625,0.8235,0.8235,0.7474,0.2416,0.2577,0,1,0,0.28,0.18,10.06,88,106,574,17,17,697,803.0,680
190,Surf01,1504,medianflow,0.4,0.1,0.4452,0.023,0.023,0.023,0.8456,0.0185,0,0,1,0.03,0.98,53.35,95,584,16,97,10,697,803.0,600
191,Surf01,1504,goturn,0.4,0.1,0.067,0.7834,0.7834,0.6808,0.3188,0.1506,0,0,1,0.15,0.22,12.08,105,151,546,0,0,697,803.0,697
192,Surf01,1504,mosse,0.4,0.1,0.0344,0.1133,0.1133,0.9634,0.0037,0.4496,0,1,0,0.51,0.89,76.9,0,3,79,615,105,697,803.0,82
193,Surf01,1504,csrt,0.4,0.1,0.0175,0.1291,0.1291,0.8654,0.0174,0.598,1,0,0,0.89,0.87,39.8,10,4,90,603,95,697,803.0,94
194,Snowboard01,1280,mil,0.4,0.1,0.2411,0.6518,0.6518,0.6518,0.3451,0.3358,0,1,0,0.46,0.35,15.14,0,39,73,0,0,112,113.0,112
195,Snowboard01,1280,kcf,0.4,0.1,0.0011,0.0179,0.0179,1.0,0.0,0.8865,1,0,0,1.0,0.98,65.91,0,0,2,110,0,112,113.0,2
196,Snowboard01,1280,tld,0.4,0.1,0.4218,0.2768,0.2768,0.2768,0.7168,0.1122,0,0,1,0.14,0.72,12.28,0,81,31,0,0,112,113.0,112
197,Snowboard01,1280,medianflow,0.4,0.1,0.5404,0.1786,0.1786,0.4762,0.1947,0.3758,0,1,0,0.48,0.82,59.53,0,22,20,70,0,112,113.0,42
198,Snowboard01,1280,goturn,0.4,0.1,0.3999,0.2232,0.2232,0.2232,0.7699,0.1212,0,0,1,0.15,0.78,11.81,0,87,25,0,0,112,113.0,112
199,Snowboard01,1280,mosse,0.4,0.1,0.0008,0.0089,0.0089,1.0,0.0,0.9364,1,0,0,1.0,0.99,77.5,0,0,1,111,0,112,113.0,1
200,Snowboard01,1280,csrt,0.4,0.1,0.3797,0.2589,0.2589,0.2661,0.708,0.159,0,1,0,0.21,0.74,22.01,0,80,29,3,0,112,113.0,109
201,Bike02,1504,mil,0.4,0.1,0.0034,1.0,1.0,1.0,0.0,0.7996,1,0,0,1.0,0.0,14.35,0,0,98,0,0,98,99.0,98
202,Bike02,1504,kcf,0.4,0.1,0.0023,1.0,1.0,1.0,0.0,0.8089,1,0,0,1.0,0.0,43.81,0,0,98,0,0,98,99.0,98
203,Bike02,1504,tld,0.4,0.1,0.0193,1.0,1.0,1.0,0.0,0.529,1,0,0,0.94,0.0,10.83,0,0,98,0,0,98,99.0,98
204,Bike02,1504,medianflow,0.4,0.1,0.002,1.0,1.0,1.0,0.0,0.804,1,0,0,1.0,0.0,47.34,0,0,98,0,0,98,99.0,98
205,Bike02,1504,goturn,0.4,0.1,0.0385,1.0,1.0,1.0,0.0,0.071,0,0,1,0.03,0.0,12.94,0,0,98,0,0,98,99.0,98
206,Bike02,1504,mosse,0.4,0.1,0.0026,1.0,1.0,1.0,0.0,0.823,1,0,0,1.0,0.0,55.69,0,0,98,0,0,98,99.0,98
207,Bike02,1504,csrt,0.4,0.1,0.0023,1.0,1.0,1.0,0.0,0.8078,1,0,0,1.0,0.0,19.76,0,0,98,0,0,98,99.0,98
208,Human01,1280,mil,0.4,0.1,0.1197,0.6667,0.6667,0.5316,0.4625,0.3204,0,1,0,0.35,0.33,14.04,16,21,42,0,0,63,80.0,63
209,Human01,1280,kcf,0.4,0.1,0.0011,0.0635,0.0635,1.0,0.0,0.8571,1,0,0,1.0,0.94,55.96,0,0,4,59,16,63,80.0,4
210,Human01,1280,tld,0.4,0.1,0.3941,0.1746,0.1746,0.1392,0.85,0.0802,0,0,1,0.1,0.83,7.04,16,52,11,0,0,63,80.0,63
211,Human01,1280,medianflow,0.4,0.1,0.2019,0.4286,0.4286,0.3418,0.65,0.0977,0,0,1,0.13,0.57,50.23,16,36,27,0,0,63,80.0,63
212,Human01,1280,goturn,0.4,0.1,0.1084,0.6667,0.6667,0.5316,0.4625,0.2281,0,0,1,0.13,0.33,10.59,16,21,42,0,0,63,80.0,63
213,Human01,1280,mosse,0.4,0.1,0.0022,0.1111,0.1111,1.0,0.0,0.82,1,0,0,1.0,0.89,58.42,0,0,7,56,16,63,80.0,7
214,Human01,1280,csrt,0.4,0.1,0.0085,1.0,1.0,0.7975,0.2,0.5314,1,0,0,0.86,0.0,22.55,16,0,63,0,0,63,80.0,63
215,Ski02,1920,mil,0.4,0.1,0.0066,1.0,1.0,1.0,0.0,0.4381,0,1,0,0.51,0.0,11.71,0,0,601,0,0,601,602.0,601
216,Ski02,1920,kcf,0.4,0.1,0.0051,1.0,1.0,1.0,0.0,0.4419,0,1,0,0.57,0.0,29.68,0,0,601,0,0,601,602.0,601
217,Ski02,1920,tld,0.4,0.1,0.1475,0.7138,0.7138,0.7138,0.2857,0.3345,0,1,0,0.52,0.29,6.16,0,172,429,0,0,601,602.0,601
218,Ski02,1920,medianflow,0.4,0.1,0.0074,1.0,1.0,1.0,0.0,0.5916,1,0,0,0.98,0.0,31.35,0,0,601,0,0,601,602.0,601
219,Ski02,1920,goturn,0.4,0.1,0.0023,1.0,1.0,1.0,0.0,0.7726,1,0,0,1.0,0.0,13.53,0,0,601,0,0,601,602.0,601
220,Ski02,1920,mosse,0.4,0.1,0.0037,1.0,1.0,1.0,0.0,0.4212,0,1,0,0.45,0.0,43.59,0,0,601,0,0,601,602.0,601
221,Ski02,1920,csrt,0.4,0.1,0.0033,1.0,1.0,1.0,0.0,0.6671,1,0,0,1.0,0.0,16.21,0,0,601,0,0,601,602.0,601
222,Surf01,1280,mil,0.4,0.1,0.2224,0.2253,0.2253,0.1958,0.8032,0.0491,0,0,1,0.07,0.77,14.76,105,540,157,0,0,697,803.0,697
223,Surf01,1280,kcf,0.4,0.1,0.003,0.0086,0.0086,1.0,0.0,0.8641,1,0,0,1.0,0.99,63.41,0,0,6,691,105,697,803.0,6
224,Surf01,1280,tld,0.4,0.1,0.0443,0.8608,0.8608,0.7853,0.2042,0.2707,0,1,0,0.27,0.14,12.77,90,74,600,23,15,697,803.0,674
225,Surf01,1280,medianflow,0.4,0.1,0.431,0.023,0.023,0.0234,0.8331,0.0192,0,0,1,0.03,0.98,59.17,95,574,16,107,10,697,803.0,590
226,Surf01,1280,goturn,0.4,0.1,0.067,0.7819,0.7819,0.6796,0.32,0.1485,0,0,1,0.15,0.22,13.25,105,152,545,0,0,697,803.0,697
227,Surf01,1280,mosse,0.4,0.1,0.0034,0.0172,0.0172,1.0,0.0,0.7982,1,0,0,1.0,0.98,76.13,0,0,12,685,105,697,803.0,12
228,Surf01,1280,csrt,0.4,0.1,0.0323,0.2339,0.2339,0.8624,0.0324,0.3882,0,1,0,0.59,0.77,41.27,26,0,163,534,79,697,803.0,163
229,Bike07,1280,mil,0.4,0.1,0.0642,0.7778,0.7778,0.7568,0.24,0.41600000000000004,0,1,0,0.61,0.22,14.57,2,16,56,0,0,72,75.0,72
230,Bike07,1280,kcf,0.4,0.1,0.0007,0.0278,0.0278,1.0,0.0,0.9503,1,0,0,1.0,0.97,63.75,0,0,2,70,2,72,75.0,2
231,Bike07,1280,tld,0.4,0.1,0.2312,0.4306,0.4306,0.4189,0.5733,0.0425,0,0,1,0.07,0.57,9.48,2,41,31,0,0,72,75.0,72
232,Bike07,1280,medianflow,0.4,0.1,0.013000000000000001,0.9444,0.9444,0.9189,0.08,0.6039,1,0,0,0.88,0.06,51.07,2,4,68,0,0,72,75.0,72
233,Bike07,1280,goturn,0.4,0.1,0.2933,0.2639,0.2639,0.2568,0.7333,0.0204,0,0,1,0.03,0.74,11.11,2,53,19,0,0,72,75.0,72
234,Bike07,1280,csrt,0.4,0.1,0.0036,1.0,1.0,0.973,0.0267,0.6381,1,0,0,0.89,0.0,21.62,2,0,72,0,0,72,75.0,72
235,Bike07,720,mil,0.4,0.1,0.0808,0.7361,0.7361,0.7162,0.28,0.3123,0,1,0,0.51,0.26,16.57,2,19,53,0,0,72,75.0,72
236,Bike07,720,kcf,0.4,0.1,0.0002,0.0139,0.0139,1.0,0.0,0.9498,1,0,0,1.0,0.99,95.03,0,0,1,71,2,72,75.0,1
237,Bike07,720,tld,0.4,0.1,0.4242,0.0139,0.0139,0.0135,0.9733,0.0028,0,0,1,0.0,0.99,12.42,2,71,1,0,0,72,75.0,72
238,Bike07,720,medianflow,0.4,0.1,0.2774,0.3056,0.3056,0.2973,0.6933,0.017,0,0,1,0.0,0.69,81.03,2,50,22,0,0,72,75.0,72
239,Bike07,720,goturn,0.4,0.1,0.251,0.2639,0.2639,0.2568,0.7333,0.0298,0,0,1,0.03,0.74,12.2,2,53,19,0,0,72,75.0,72
240,Bike07,720,mosse,0.4,0.1,,0.0,0.0,0.0,0.0,0.0,0,0,1,0.0,1.0,82.56,0,0,0,72,2,72,75.0,0
241,Bike07,720,csrt,0.4,0.1,0.0034,1.0,1.0,0.973,0.0267,0.6864,1,0,0,1.0,0.0,28.14,2,0,72,0,0,72,75.0,72
242,Human01,720,mil,0.4,0.1,0.1465,0.3016,0.3016,0.2405,0.75,0.1341,0,0,1,0.14,0.7,16.68,16,44,19,0,0,63,80.0,63
243,Human01,720,kcf,0.4,0.1,0.0005,0.0159,0.0159,1.0,0.0,0.9579,1,0,0,1.0,0.98,95.98,0,0,1,62,16,63,80.0,1
244,Human01,720,tld,0.4,0.1,0.1717,0.5238,0.5238,0.4177,0.575,0.0905,0,0,1,0.1,0.48,13.7,16,30,33,0,0,63,80.0,63
245,Human01,720,medianflow,0.4,0.1,0.2275,0.3651,0.3651,0.2911,0.7,0.0242,0,0,1,0.02,0.63,89.63,16,40,23,0,0,63,80.0,63
246,Human01,720,goturn,0.4,0.1,0.1592,0.5556,0.5556,0.44299999999999995,0.55,0.2019,0,1,0,0.33,0.44,13.87,16,28,35,0,0,63,80.0,63
247,Human01,720,mosse,0.4,0.1,,0.0,0.0,0.0,0.0,0.0,0,0,1,0.0,1.0,104.87,0,0,0,63,16,63,80.0,0
248,Human01,720,csrt,0.4,0.1,0.0074,1.0,1.0,0.7975,0.2,0.6384,1,0,0,0.98,0.0,36.6,16,0,63,0,0,63,80.0,63
249,Snowboard01,1504,mil,0.4,0.1,0.41,0.2411,0.2411,0.2411,0.7522,0.1572,0,0,1,0.2,0.76,15.41,0,85,27,0,0,112,113.0,112
250,Snowboard01,1504,kcf,0.4,0.1,0.0018,0.0179,0.0179,1.0,0.0,0.8565,1,0,0,1.0,0.98,69.53,0,0,2,110,0,112,113.0,2
251,Snowboard01,1504,tld,0.4,0.1,0.5327,0.2411,0.2411,0.2411,0.7522,0.0949,0,0,1,0.12,0.76,9.86,0,85,27,0,0,112,113.0,112
252,Snowboard01,1504,medianflow,0.4,0.1,0.3649,0.1786,0.1786,0.625,0.1062,0.4978,0,1,0,0.62,0.82,61.82,0,12,20,80,0,112,113.0,32
253,Snowboard01,1504,goturn,0.4,0.1,0.4901,0.2232,0.2232,0.2232,0.7699,0.1205,0,0,1,0.15,0.78,8.15,0,87,25,0,0,112,113.0,112
254,Snowboard01,1504,mosse,0.4,0.1,0.0,0.0089,0.0089,1.0,0.0,0.9698,1,0,0,1.0,0.99,81.39,0,0,1,111,0,112,113.0,1
255,Snowboard01,1504,csrt,0.4,0.1,0.0154,1.0,1.0,1.0,0.0,0.5051,0,1,0,0.67,0.0,22.48,0,0,112,0,0,112,113.0,112
256,Bike07,1504,mil,0.4,0.1,0.0069,1.0,1.0,0.973,0.0267,0.5299,1,0,0,0.83,0.0,13.59,2,0,72,0,0,72,75.0,72
257,Bike07,1504,kcf,0.4,0.1,0.0007,0.0278,0.0278,1.0,0.0,0.9351,1,0,0,1.0,0.97,58.55,0,0,2,70,2,72,75.0,2
258,Bike07,1504,tld,0.4,0.1,0.2269,0.6667,0.6667,0.6486,0.3467,0.4189,0,1,0,0.64,0.33,8.8,2,24,48,0,0,72,75.0,72
259,Bike07,1504,medianflow,0.4,0.1,0.0126,0.9444,0.9444,0.9189,0.08,0.6281,1,0,0,0.88,0.06,48.33,2,4,68,0,0,72,75.0,72
260,Bike07,1504,goturn,0.4,0.1,0.2941,0.2639,0.2639,0.2568,0.7333,0.0206,0,0,1,0.03,0.74,12.98,2,53,19,0,0,72,75.0,72
261,Bike07,1504,mosse,0.4,0.1,0.0004,0.0139,0.0139,1.0,0.0,0.8929,1,0,0,1.0,0.99,61.39,0,0,1,71,2,72,75.0,1
262,Bike07,1504,csrt,0.4,0.1,0.0029,1.0,1.0,0.973,0.0267,0.6589,1,0,0,0.97,0.0,19.95,2,0,72,0,0,72,75.0,72
263,Ski02,1280,mil,0.4,0.1,0.0069,1.0,1.0,1.0,0.0,0.4594,0,1,0,0.61,0.0,14.59,0,0,601,0,0,601,602.0,601
264,Ski02,1280,kcf,0.4,0.1,0.0046,1.0,1.0,1.0,0.0,0.4511,0,1,0,0.64,0.0,52.08,0,0,601,0,0,601,602.0,601
265,Ski02,1280,tld,0.4,0.1,0.0395,0.9168,0.9168,0.9168,0.0831,0.5674,1,0,0,0.89,0.08,12.54,0,50,551,0,0,601,602.0,601
266,Ski02,1280,medianflow,0.4,0.1,0.0075,1.0,1.0,1.0,0.0,0.5389,1,0,0,0.92,0.0,51.12,0,0,601,0,0,601,602.0,601
267,Ski02,1280,goturn,0.4,0.1,0.0023,1.0,1.0,1.0,0.0,0.7715,1,0,0,1.0,0.0,14.38,0,0,601,0,0,601,602.0,601
268,Ski02,1280,mosse,0.4,0.1,0.0061,1.0,1.0,1.0,0.0,0.3854,0,1,0,0.27,0.0,55.45,0,0,601,0,0,601,602.0,601
269,Ski02,1280,csrt,0.4,0.1,0.0034,1.0,1.0,1.0,0.0,0.6122,1,0,0,0.98,0.0,20.51,0,0,601,0,0,601,602.0,601
270,Ski03,1280,mil,0.4,0.1,0.2541,0.2633,0.2633,0.2633,0.7361,0.1349,0,0,1,0.12,0.74,16.7,0,820,293,0,0,1113,1114.0,1113
271,Ski03,1280,kcf,0.4,0.1,0.0845,0.6181,0.6181,0.8473,0.1113,0.1999,0,0,1,0.16,0.38,36.68,0,124,688,301,0,1113,1114.0,812
272,Ski03,1280,tld,0.4,0.1,0.2488,0.3261,0.3261,0.3261,0.6732,0.1859,0,1,0,0.3,0.67,12.43,0,750,363,0,0,1113,1114.0,1113
273,Ski03,1280,medianflow,0.4,0.1,0.2931,0.5355,0.5355,0.5355,0.4641,0.2374,0,1,0,0.31,0.46,54.64,0,517,596,0,0,1113,1114.0,1113
274,Ski03,1280,goturn,0.4,0.1,0.0072,1.0,1.0,1.0,0.0,0.5263,1,0,0,0.84,0.0,14.84,0,0,1113,0,0,1113,1114.0,1113
275,Ski03,1280,mosse,0.4,0.1,0.2396,0.6199,0.6199,0.6199,0.3797,0.1149,0,0,1,0.1,0.38,52.58,0,423,690,0,0,1113,1114.0,1113
276,Ski03,1280,csrt,0.4,0.1,0.0084,1.0,1.0,1.0,0.0,0.3289,0,1,0,0.27,0.0,21.65,0,0,1113,0,0,1113,1114.0,1113
277,Ski01,720,mil,0.4,0.1,0.1573,0.7426,0.7426,0.7426,0.2572,0.3582,0,1,0,0.55,0.26,13.65,0,348,1004,0,0,1352,1353.0,1352
278,Ski01,720,kcf,0.4,0.1,0.001,0.0007,0.0007,1.0,0.0,0.9602,1,0,0,1.0,1.0,39.44,0,0,1,1351,0,1352,1353.0,1
279,Ski01,720,tld,0.4,0.1,0.7759999999999999,0.0118,0.0118,0.0118,0.9874,0.0004,0,0,1,0.0,0.99,10.11,0,1336,16,0,0,1352,1353.0,1352
280,Ski01,720,medianflow,0.4,0.1,0.0679,0.0769,0.0769,0.7123,0.031,0.0882,0,0,1,0.01,0.92,36.13,0,42,104,1206,0,1352,1353.0,146
281,Ski01,720,goturn,0.4,0.1,0.8226,0.1805,0.1805,0.1805,0.8189,0.0875,0,0,1,0.13,0.82,12.25,0,1108,244,0,0,1352,1353.0,1352
282,Ski01,720,mosse,0.4,0.1,,0.0,0.0,0.0,0.0,0.0,0,0,1,0.0,1.0,39.56,0,0,0,1352,0,1352,1353.0,0
283,Ski01,720,csrt,0.4,0.1,0.0042,1.0,1.0,1.0,0.0,0.5794,1,0,0,0.93,0.0,21.81,0,0,1352,0,0,1352,1353.0,1352
284,Bike04,720,mil,0.4,0.1,0.126,0.5319,0.5319,0.5319,0.4632,0.1182,0,1,0,0.2,0.47,16.71,0,44,50,0,0,94,95.0,94
285,Bike04,720,kcf,0.4,0.1,0.0017,0.0106,0.0106,1.0,0.0,0.8752,1,0,0,1.0,0.99,90.38,0,0,1,93,0,94,95.0,1
286,Bike04,720,tld,0.4,0.1,0.4136,0.0,0.0,0.0,0.9895,0.0,0,0,1,0.0,1.0,12.16,0,94,0,0,0,94,95.0,94
287,Bike04,720,medianflow,0.4,0.1,0.2638,0.2234,0.2234,0.2234,0.7684,0.0321,0,0,1,0.04,0.78,84.57,0,73,21,0,0,94,95.0,94
288,Bike04,720,goturn,0.4,0.1,0.0591,0.7553,0.7553,0.7553,0.2421,0.0906,0,0,1,0.03,0.24,14.03,0,23,71,0,0,94,95.0,94
289,Bike04,720,mosse,0.4,0.1,,0.0,0.0,0.0,0.0,0.0,0,0,1,0.0,1.0,98.75,0,0,0,94,0,94,95.0,0
290,Bike04,720,csrt,0.4,0.1,0.0034,1.0,1.0,1.0,0.0,0.6451,1,0,0,1.0,0.0,20.46,0,0,94,0,0,94,95.0,94
291,Sup01,1280,mil,0.4,0.1,0.0108,1.0,1.0,0.9812,0.0188,0.5206,0,1,0,0.78,0.0,15.02,7,0,365,0,0,365,373.0,365
292,Sup01,1280,kcf,0.4,0.1,0.003,0.18899999999999997,0.18899999999999997,1.0,0.0,0.8073,1,0,0,1.0,0.81,70.21,0,0,69,296,7,365,373.0,69
293,Sup01,1280,tld,0.4,0.1,0.0243,0.8932,0.8932,0.9314,0.0643,0.3968,0,1,0,0.51,0.11,13.8,0,24,326,15,7,365,373.0,350
294,Sup01,1280,medianflow,0.4,0.1,0.0081,0.8932,0.8932,1.0,0.0,0.5129,0,1,0,0.58,0.11,61.55,0,0,326,39,7,365,373.0,326
295,Sup01,1280,goturn,0.4,0.1,0.0705,0.937,0.937,0.9194,0.0804,0.2966,0,1,0,0.29,0.06,13.82,7,23,342,0,0,365,373.0,365
296,Sup01,1280,mosse,0.4,0.1,0.0043,1.0,1.0,0.9865,0.0134,0.5121,0,1,0,0.67,0.0,74.95,5,0,365,0,2,365,373.0,365
297,Sup01,1280,csrt,0.4,0.1,0.0041,0.937,0.937,1.0,0.0,0.5111,1,0,0,0.82,0.06,26.14,0,0,342,23,7,365,373.0,342
298,Snowboard01,720,mil,0.4,0.1,0.0195,1.0,1.0,1.0,0.0,0.4343,0,1,0,0.58,0.0,17.48,0,0,112,0,0,112,113.0,112
299,Snowboard01,720,kcf,0.4,0.1,0.0005,0.0089,0.0089,1.0,0.0,0.9663,1,0,0,1.0,0.99,104.92,0,0,1,111,0,112,113.0,1
300,Snowboard01,720,tld,0.4,0.1,0.1324,0.7054,0.7054,0.7054,0.292,0.35100000000000003,0,1,0,0.53,0.29,22.81,0,33,79,0,0,112,113.0,112
301,Snowboard01,720,medianflow,0.4,0.1,0.5194,0.1786,0.1786,0.3571,0.3186,0.2751,0,1,0,0.36,0.82,92.25,0,36,20,56,0,112,113.0,56
302,Snowboard01,720,goturn,0.4,0.1,0.4343,0.2321,0.2321,0.2321,0.7611,0.1202,0,0,1,0.15,0.77,14.0,0,86,26,0,0,112,113.0,112
303,Snowboard01,720,mosse,0.4,0.1,0.0017,0.0089,0.0089,1.0,0.0,0.9304,1,0,0,1.0,0.99,112.76,0,0,1,111,0,112,113.0,1
304,Snowboard01,720,csrt,0.4,0.1,0.0124,1.0,1.0,1.0,0.0,0.5870000000000001,1,0,0,0.92,0.0,37.32,0,0,112,0,0,112,113.0,112
305,Sup01,1504,mil,0.4,0.1,0.0094,1.0,1.0,0.9812,0.0188,0.4801,0,1,0,0.78,0.0,14.8,7,0,365,0,0,365,373.0,365
306,Sup01,1504,kcf,0.4,0.1,0.0037,0.2274,0.2274,1.0,0.0,0.7902,1,0,0,1.0,0.77,72.81,0,0,83,282,7,365,373.0,83
307,Sup01,1504,tld,0.4,0.1,0.0094,0.8767,0.8767,1.0,0.0,0.5871,1,0,0,0.96,0.12,12.35,0,0,320,45,7,365,373.0,320
308,Sup01,1504,medianflow,0.4,0.1,0.0144,0.8932,0.8932,0.9731,0.0241,0.4336,0,1,0,0.5,0.11,62.77,0,9,326,30,7,365,373.0,335
309,Sup01,1504,goturn,0.4,0.1,0.0645,0.937,0.937,0.9194,0.0804,0.27699999999999997,0,1,0,0.28,0.06,12.63,7,23,342,0,0,365,373.0,365
310,Sup01,1504,csrt,0.4,0.1,0.0044,0.937,0.937,1.0,0.0,0.5207,0,1,0,0.78,0.06,22.68,0,0,342,23,7,365,373.0,342
311,Car01,1280,mil,0.4,0.1,0.0096,1.0,1.0,1.0,0.0,0.7224,1,0,0,1.0,0.0,16.26,0,0,156,0,0,156,157.0,156
312,Car01,1280,kcf,0.4,0.1,0.0043,1.0,1.0,1.0,0.0,0.7511,1,0,0,1.0,0.0,53.29,0,0,156,0,0,156,157.0,156
313,Car01,1280,tld,0.4,0.1,0.0289,1.0,1.0,1.0,0.0,0.5852,1,0,0,0.96,0.0,14.96,0,0,156,0,0,156,157.0,156
314,Car01,1280,medianflow,0.4,0.1,0.0081,1.0,1.0,1.0,0.0,0.8572,1,0,0,1.0,0.0,62.34,0,0,156,0,0,156,157.0,156
315,Car01,1280,mosse,0.4,0.1,0.008,1.0,1.0,1.0,0.0,0.7802,1,0,0,1.0,0.0,45.41,0,0,156,0,0,156,157.0,156
316,Car01,1280,csrt,0.4,0.1,0.0061,1.0,1.0,1.0,0.0,0.649,1,0,0,1.0,0.0,12.68,0,0,156,0,0,156,157.0,156
317,Ski03,720,mil,0.4,0.1,0.1467,0.6011,0.6011,0.6011,0.3986,0.1442,0,0,1,0.12,0.4,19.76,0,444,669,0,0,1113,1114.0,1113
318,Ski03,720,kcf,0.4,0.1,0.0874,0.6128,0.6128,0.8399,0.1167,0.1951,0,0,1,0.16,0.39,69.61,0,130,682,301,0,1113,1114.0,812
319,Ski03,720,tld,0.4,0.1,0.2036,0.3163,0.3163,0.3163,0.6831,0.1735,0,1,0,0.28,0.68,25.16,0,761,352,0,0,1113,1114.0,1113
320,Ski03,720,medianflow,0.4,0.1,0.4029,0.354,0.354,0.3569,0.6373,0.1698,0,0,1,0.18,0.65,90.75,0,710,394,9,0,1113,1114.0,1104
321,Ski03,720,goturn,0.4,0.1,0.006999999999999999,1.0,1.0,1.0,0.0,0.5334,1,0,0,0.86,0.0,16.15,0,0,1113,0,0,1113,1114.0,1113
322,Ski03,720,mosse,0.4,0.1,0.2251,0.6289,0.6289,0.6295,0.3698,0.1146,0,0,1,0.1,0.37,81.18,0,412,700,1,0,1113,1114.0,1112
323,Ski03,720,csrt,0.4,0.1,0.0109,1.0,1.0,1.0,0.0,0.2763,0,1,0,0.24,0.0,27.6,0,0,1113,0,0,1113,1114.0,1113
324,Ski04,1280,mil,0.4,0.1,0.0106,1.0,1.0,1.0,0.0,0.5306,0,1,0,0.74,0.0,15.22,0,0,253,0,0,253,254.0,253
325,Ski04,1280,kcf,0.4,0.1,0.0117,0.2609,0.2609,1.0,0.0,0.48100000000000004,0,1,0,0.56,0.74,57.65,0,0,66,187,0,253,254.0,66
326,Ski04,1280,tld,0.4,0.1,0.0168,1.0,1.0,1.0,0.0,0.4236,0,1,0,0.54,0.0,14.71,0,0,253,0,0,253,254.0,253
327,Ski04,1280,medianflow,0.4,0.1,0.0124,1.0,1.0,1.0,0.0,0.5601,1,0,0,0.83,0.0,58.58,0,0,253,0,0,253,254.0,253
328,Ski04,1280,goturn,0.4,0.1,0.0274,1.0,1.0,1.0,0.0,0.2943,0,1,0,0.23,0.0,13.85,0,0,253,0,0,253,254.0,253
329,Ski04,1280,mosse,0.4,0.1,0.017,1.0,1.0,1.0,0.0,0.4837,0,1,0,0.63,0.0,66.23,0,0,253,0,0,253,254.0,253
330,Ski04,1280,csrt,0.4,0.1,0.0123,1.0,1.0,1.0,0.0,0.5042,0,1,0,0.62,0.0,19.83,0,0,253,0,0,253,254.0,253
331,Bike08,1920,mil,0.4,0.1,0.0155,1.0,1.0,0.9964,0.0036,0.4041,0,1,0,0.41,0.0,10.98,2,0,556,0,0,556,559.0,556
332,Bike08,1920,kcf,0.4,0.1,0.0138,0.8022,0.8022,0.9955,0.0036,0.4064,0,1,0,0.4,0.2,32.89,2,0,446,110,0,556,559.0,446
333,Bike08,1920,tld,0.4,0.1,0.0392,0.991,0.991,0.9875,0.0125,0.5158,0,1,0,0.76,0.01,7.16,2,5,551,0,0,556,559.0,556
334,Bike08,1920,medianflow,0.4,0.1,0.2886,0.24100000000000002,0.24100000000000002,0.2401,0.7585,0.1225,0,0,1,0.17,0.76,29.69,2,422,134,0,0,556,559.0,556
335,Bike08,1920,goturn,0.4,0.1,0.4764,0.0198,0.0198,0.0197,0.9785,0.0051,0,0,1,0.0,0.98,11.19,2,545,11,0,0,556,559.0,556
336,Bike08,1920,mosse,0.4,0.1,0.0132,1.0,1.0,0.9964,0.0036,0.4207,0,1,0,0.46,0.0,36.01,2,0,556,0,0,556,559.0,556
337,Bike08,1920,csrt,0.4,0.1,0.0134,1.0,1.0,0.9964,0.0036,0.6406,1,0,0,0.99,0.0,14.19,2,0,556,0,0,556,559.0,556
338,Ski02,720,mil,0.4,0.1,0.0089,1.0,1.0,1.0,0.0,0.4279,0,1,0,0.58,0.0,17.73,0,0,601,0,0,601,602.0,601
339,Ski02,720,kcf,0.4,0.1,0.0014,0.0017,0.0017,1.0,0.0,0.9394,1,0,0,1.0,1.0,96.05,0,0,1,600,0,601,602.0,1
340,Ski02,720,tld,0.4,0.1,0.201,0.6656,0.6656,0.6667,0.3322,0.0003,0,0,1,0.0,0.33,24.9,0,200,400,1,0,601,602.0,600
341,Ski02,720,medianflow,0.4,0.1,0.0064,0.9983,0.9983,1.0,0.0,0.5544,1,0,0,0.96,0.0,84.39,0,0,600,1,0,601,602.0,600
342,Ski02,720,goturn,0.4,0.1,0.0025,1.0,1.0,1.0,0.0,0.7664,1,0,0,1.0,0.0,15.97,0,0,601,0,0,601,602.0,601
343,Ski02,720,mosse,0.4,0.1,0.0049,0.0133,0.0133,1.0,0.0,0.7192,1,0,0,1.0,0.99,95.66,0,0,8,593,0,601,602.0,8
344,Ski02,720,csrt,0.4,0.1,0.0036,1.0,1.0,1.0,0.0,0.4569,0,1,0,0.64,0.0,31.47,0,0,601,0,0,601,602.0,601
345,Sup01,720,mil,0.4,0.1,0.0202,1.0,1.0,0.9812,0.0188,0.4277,0,1,0,0.53,0.0,16.82,7,0,365,0,0,365,373.0,365
346,Sup01,720,kcf,0.4,0.1,0.0005,0.0027,0.0027,1.0,0.0,0.9538,1,0,0,1.0,1.0,120.15,0,0,1,364,7,365,373.0,1
347,Sup01,720,tld,0.4,0.1,0.4166,0.0,0.0,0.0,0.7078,0.0005,0,0,1,0.0,1.0,20.33,6,258,0,107,1,365,373.0,258
348,Sup01,720,medianflow,0.4,0.1,0.09699999999999999,0.6904,0.6904,0.6774,0.3217,0.2502,0,1,0,0.29,0.31,106.53,7,113,252,0,0,365,373.0,365
349,Sup01,720,goturn,0.4,0.1,0.0972,0.5918,0.5918,0.5806,0.4182,0.1311,0,0,1,0.08,0.41,16.18,7,149,216,0,0,365,373.0,365
350,Sup01,720,mosse,0.4,0.1,,0.0,0.0,0.0,0.0,0.0,0,0,1,0.0,1.0,126.79,0,0,0,365,7,365,373.0,0
351,Sup01,720,csrt,0.4,0.1,0.0033,0.937,0.937,1.0,0.0,0.6109,1,0,0,0.94,0.06,33.23,0,0,342,23,7,365,373.0,342
352,Wake01,720,mil,0.4,0.1,0.2578,0.4013,0.4013,0.4013,0.5979,0.0966,0,0,1,0.04,0.6,17.07,0,452,303,0,0,755,756.0,755
353,Wake01,720,kcf,0.4,0.1,0.0014,0.0013,0.0013,1.0,0.0,0.9462,1,0,0,1.0,1.0,80.29,0,0,1,754,0,755,756.0,1
354,Wake01,720,tld,0.4,0.1,0.3184,0.0583,0.0583,0.0594,0.922,0.0006,0,0,1,0.0,0.94,18.95,0,697,44,14,0,755,756.0,741
355,Wake01,720,medianflow,0.4,0.1,0.3013,0.0702,0.0702,0.3354,0.1389,0.1008,0,0,1,0.15,0.93,84.25,0,105,53,597,0,755,756.0,158
356,Wake01,720,goturn,0.4,0.1,0.3364,0.045,0.045,0.045,0.9537,0.0134,0,0,1,0.01,0.95,16.79,0,721,34,0,0,755,756.0,755
357,Wake01,720,mosse,0.4,0.1,,0.0,0.0,0.0,0.0,0.0,0,0,1,0.0,1.0,104.96,0,0,0,755,0,755,756.0,0
358,Wake01,720,csrt,0.4,0.1,0.0609,0.5086,0.5086,0.8033,0.1243,0.24100000000000002,0,1,0,0.24,0.49,41.91,0,94,384,277,0,755,756.0,478
359,Bike05,720,mil,0.4,0.1,0.0194,0.9682,0.9682,0.9682,0.0316,0.4476,0,1,0,0.57,0.03,17.67,0,5,152,0,0,157,158.0,157
360,Bike05,720,kcf,0.4,0.1,0.0053,0.0637,0.0637,1.0,0.0,0.8555,1,0,0,1.0,0.94,95.47,0,0,10,147,0,157,158.0,10
361,Bike05,720,tld,0.4,0.1,0.0624,0.8471,0.8471,0.8471,0.1519,0.4488,0,1,0,0.71,0.15,30.17,0,24,133,0,0,157,158.0,157
362,Bike05,720,medianflow,0.4,0.1,0.0757,0.6561,0.6561,0.7863,0.1772,0.5157,0,1,0,0.74,0.34,84.01,0,28,103,26,0,157,158.0,131
363,Bike05,720,goturn,0.4,0.1,0.9293,0.2293,0.2293,0.2293,0.7658,0.0399,0,0,1,0.03,0.77,7.29,0,121,36,0,0,157,158.0,157
364,Bike05,720,mosse,0.4,0.1,,0.0,0.0,0.0,0.0,0.0,0,0,1,0.0,1.0,98.25,0,0,0,157,0,157,158.0,0
365,Bike05,720,csrt,0.4,0.1,0.0061,1.0,1.0,1.0,0.0,0.6322,1,0,0,0.91,0.0,29.17,0,0,157,0,0,157,158.0,157
366,Bike05,1504,mil,0.4,0.1,0.019,1.0,1.0,1.0,0.0,0.4782,0,1,0,0.57,0.0,13.5,0,0,157,0,0,157,158.0,157
367,Bike05,1504,kcf,0.4,0.1,0.0068,0.7707,0.7707,1.0,0.0,0.5451,0,1,0,0.74,0.23,48.52,0,0,121,36,0,157,158.0,121
368,Bike05,1504,tld,0.4,0.1,0.0654,0.8854,0.8854,0.8854,0.1139,0.5459,0,1,0,0.8,0.11,10.6,0,18,139,0,0,157,158.0,157
369,Bike05,1504,medianflow,0.4,0.1,0.1463,0.5924,0.5924,0.6039,0.3861,0.3888,0,1,0,0.56,0.41,39.8,0,61,93,3,0,157,158.0,154
370,Bike05,1504,goturn,0.4,0.1,0.5713,0.586,0.586,0.586,0.4114,0.2247,0,1,0,0.27,0.41,8.21,0,65,92,0,0,157,158.0,157
371,Bike05,1504,mosse,0.4,0.1,0.0086,1.0,1.0,1.0,0.0,0.4815,0,1,0,0.55,0.0,54.09,0,0,157,0,0,157,158.0,157
372,Bike05,1504,csrt,0.4,0.1,0.0053,1.0,1.0,1.0,0.0,0.7469,1,0,0,1.0,0.0,19.85,0,0,157,0,0,157,158.0,157
